id,type,text1,text2,text3,text4,text5,notes
lightmg,WEAPON,"Categoría de armas antiguas de bajo coste y fácil adquisición, de disparo rápido, que se han utilizado con eficacia contra misiles y cazas a corto alcance a lo largo de la historia del combate espacial. Prácticamente inútiles contra objetivos debidamente blindados.

Debido a su facilidad de fabricación y modificación, existen cientos de variantes. Cualquiera de estas armas que dispare proyectiles inertes de propulsión química —fácilmente producidos incluso por una forja automática rudimentaria— por debajo de un determinado calibre se clasifica como metralleta ligera montada en nave. Los mecanismos que propulsen estas armas varían considerablemente. 

Son populares entre las pequeñas naves civiles debido a su bajo coste. El núcleo denso de los proyectiles suele estar recubierto de un metal más duro para facilitar la alimentación y la penetración. Estos sistemas de armas proporcionan una cantidad sorprendentemente grande de energía cinética a corta distancia a pesar de su diseño primitivo.",,,,,
lightdualmg,WEAPON,"Una versión mejorada de doble cañón de la venerable metralleta ligera. No es especialmente eficaz contra objetivos bien blindados, pero ha destacado en su función antimisiles y de caza desde los albores del combate espacial humano.

Se trata de un montaje doble de la misma arma de proyectiles químicos de bajo calibre, inertes y de disparo rápido, conocida por todos los pilotos y armeros del Sector. Un excelente montaje de defensa antiaérea, que destaca tanto en la interceptación de misiles como en la lucha contra cazas. 

La gran cantidad de energía cinética que se aplica a los sistemas de escudos de las naves enemigas a corta distancia suele provocar una sobrecarga del emisor, una opción táctica que a menudo pasan por alto los capitanes sin experiencia.",,,,,
lightmortar,WEAPON,"Un arma anticuada que lanza proyectiles antiblindaje con baja cadencia de fuego, velocidad inicial y alcance. Su escasa acumulación de flux es su única virtud.

Los planos de los morteros ligeros no estaban pensados en absoluto para naves espaciales, pero una ingeniosa modificación del mecanismo de carga por la recámara permite su instalación y uso fuera de un entorno atmosférico. En combate, el mortero ligero tiene un rendimiento deficiente contra objetivos que se mueven rápidamente o que están protegidos por escudos, debido a su pésima rotación de la plataforma y a su baja cadencia de fuego. No obstante, se utiliza a menudo para formar a oficiales de artillería novatos en los aspectos más sutiles de las tácticas y la nomenclatura de la balística espacial.

Se instala habitualmente en yates privados y vehículos interplanetarios individuales debido a su baja masa y coste.",,,,,
heavymortar,WEAPON,"Un arma anticuada que dispara proyectiles antiblindaje de mayor tamaño a una cadencia de fuego algo superior a la de su primo más pequeño. La velocidad del proyectil es baja y el alcance efectivo es corto. Su única ventaja es la baja acumulación de flux.

El mortero pesado se diseñó originalmente para su uso en combates en la superficie planetaria. Aunque aparentemente estaba destinado a derribar fortificaciones militares, se utilizó mucho más en bombardeos urbanos. Sus robustos mecanismos internos permiten su instalación y uso fuera de un entorno atmosférico con solo pequeños ajustes, en particular la sustitución del módulo automático de telémetro/puntería. Cuando se emplea contra objetivos grandes, sin blindaje y de movimiento lento, el mortero pesado puede resultar muy eficaz.",,,,,
vulcan,WEAPON,"Un sistema de armas balísticas de defensa antiaérea de fuego rápido especialmente devastador contra misiles y cazas a muy corto alcance. La precisión se degrada drásticamente durante ráfagas de fuego prolongadas. 

Esta plataforma de armas de múltiples cañones se basa en un mecanismo de sincronización avanzado fabricado habitualmente por nanoforjas autorizadas por la Hegemonía. Los proyectiles suelen tener puntas de uranio empobrecido y no son explosivos. Los múltiples cañones permiten una cadencia de fuego extremadamente alta, aunque a un alto coste de flux.",,,,,
lightac,WEAPON,"Un cañón automático de pequeño calibre con un buen alcance para un chasis tan ligero. Diseñado para contrarrestar los escudos enemigos y especialmente eficaz contra los generadores más débiles utilizados en cascos más pequeños.

Cuenta con proyectiles cinéticos de alta velocidad que proporcionan un excelente apoyo de fuego para naves más pequeñas. La escasa velocidad de rotación del soporte, debido a un complejo sistema de carga automática y a la refrigeración líquida, hace que el Autocañón Ligero sea una mala opción para la defensa contra cazas y misiles.",,,,,
lightdualac,WEAPON,"Una versión de doble cañón del Autocañón Ligero. Es un arma excelente para el apoyo a corta distancia y bastante eficaz a la hora de derribar escudos, pero adolece de un alcance efectivo más corto debido a su elevado retroceso.

Un ingenioso diseño mecánico evita que los puertos de expulsión se atasquen, al tiempo que expulsa el doble de casquillos de cartuchos usados que el chasis estándar del Autocañón Ligero. Al igual que la versión de un solo cañón, este sistema de armas dispara proyectiles de alta velocidad diseñados para atravesar los escudos enemigos. El sistema de carga automática y los sistemas de refrigeración líquida son, por lo demás, idénticos a los de la versión de un solo cañón.",,,,,
lightag,WEAPON,"Un cañón de pequeño calibre diseñado para combates a corta distancia, excelente contra blindajes y con una cadencia de fuego magnífica.

Cañón de pequeño calibre diseñado para disparar proyectiles altamente explosivos. El diseño de los sistemas de refrigeración y del cargador automático hace hincapié en la seguridad y en la prevención de la detonación espontánea que podrían provocar los altos niveles de flux. Es el preferido de los capitanes de destructores que tienen algo que demostrar.",,,,,
fragbomb,WEAPON,"Lanza un racimo de bombetas que flotan libremente y conservan el impulso de la nave lanzadora. Las bombetas están equipadas con un fusible de proximidad.

Un lanzador de bombas de fragmentación dispara bombetas de fragmentación Mark VI desde tres tubos. Sin guía y sin sistema de propulsión, las submuniciones dependen de un sistema de puntería amigo-enemigo. Su gran número les permite cubrir una amplia franja de espacio, creando de forma efectiva una barrera de defensa antiaérea en esa ubicación, aunque sea por un tiempo limitado. Cuando la espoleta de proximidad es activada por una nave enemiga, la submunición detonará, logrando efectos similares a los de las armas antiaéreas.",,,,,
clusterbomb,WEAPON,"Lanza un racimo de bombetas altamente explosivas que flotan libremente. Más eficaz contra objetivos sin blindaje y de movimiento lento.

Un proyector de bombas de racimo está equipado con tres tubos diseñados para disparar docenas de bombetas penetrantes de formación explosiva Mark II. Las submuniciones no están guiadas y carecen de sistema de propulsión, por lo que dependen del impulso inicial de la nave de asalto para realizar el enfrentamiento con el objetivo. Están equipadas con un escáner de puntería para amigos o enemigos, y solo detonarán al impactar contra un objetivo adecuado. El explosivo de carga hueca es altamente explosivo contra objetivos sin blindaje. El gran número de submuniciones que puede realizar el despliegue con esta arma es asombroso, lo que convierte a la bomba de racimo en un arma útil para el control de área.",,,,,
bomb,WEAPON,"Un sistema de armas probado y contrastado, las bahías de bombas albergan múltiples ojivas que dependen de la velocidad de la nave lanzadora para alcanzar su objetivo.

Cada compartimento de bombas está equipado con varias bombas Comp-X altamente explosivas no guiadas que pueden lanzarse de una en una. Las bombas carecen de sistema de propulsión y dependen de la velocidad de la nave lanzadora para llegar al objetivo (es decir, bombardeo en picado). El blindaje atmosférico intrínseco al diseño también confiere a las bombas una gran capacidad de supervivencia en un entorno hostil de defensa antiaérea.",,,,,
lightneedler,WEAPON,"Dispara ráfagas de pequeñas flechettes a una alta cadencia de fuego. El volumen de fuego puede abrumar rápidamente a los proyectores de escudos, pero suele ser ineficaz contra el blindaje.

Un Aguijoneador Ligero es un cañón de flechettes de pequeño calibre, diseñado para disparar munición sin casquillo. Cuenta con un impresionante sistema de alimentación que puede lanzar cientos de «aguijones» por segundo. No es necesario un sistema de expulsión, y el espacio ahorrado se utiliza para proporcionar unidades de refrigeración adicionales, lo que mejora enormemente la cadencia de fuego. 

La doctrina naval del Dominio sostiene que el arma debe utilizarse contra los escudos enemigos a larga distancia, pero en caso de apuro, los oficiales de artillería apuntarán con sus Aguijoneadores a los escuadrones de cazas enemigos y a las amenazas de misiles de largo alcance.",,,,,
railgun,WEAPON,"El cañón de riel, una mejora de alta tecnología del autocañón, dispara proyectiles precisos de medio alcance. Al igual que el autocañón, destaca por su capacidad para aniquilar los generadores de escudos enemigos.

El cañón de riel, una versión miniaturizada del cañón Gauss, se basa en un potente campo magnético para disparar proyectiles a gran velocidad. La precisión y el alcance son excelentes, y la torreta es capaz de girar rápidamente cuando no está disparando. 

Los oficiales de artillería que disponen de una amplia capacidad de flux prefieren el cañón de riel al autocañón.",,,,,
shredder,WEAPON,"Un cañón rotativo diseñado generosamente para proporcionar una gran facilidad de manejo y fiabilidad. Los oficiales de armamento de las Armadas profesionales del Sector Perseo, por su parte, maldicen al Thumper por recompensar los malos hábitos de mantenimiento. 

Destruye misiles y cazas enemigos con una abrumadora lluvia de proyectiles de fragmentación de pequeña carga útil y velocidad media. Aunque es eficiente en cuanto a flux, este sistema de armas tiene poco efecto contra blindajes y escudos.",,,,,
flak,WEAPON,"Un sistema de armas defensivo que dispara proyectiles llenos de metralla equipados con un fusible de proximidad para lograr el máximo efecto contra cazas y misiles.

La creciente importancia de las naves de caza pequeñas y baratas, especialmente en funciones de asalto, llevó a un mayor despliegue de este sistema de armas en los días previos al Colapso. Dispara proyectiles balísticos equipados con un fusible de proximidad. La explosión resultante lanza una lluvia de flechettes en un amplio volumen con un radio de destrucción respetable frente a objetivos estándar. Los modelos más nuevos cuentan con un sistema de control de fuego conectado directamente a un Predictor Mark VI.",,,,,
heavymg,WEAPON,"Primo mayor de la omnipresente categoría de armas de metralletas de fuego rápido, la metralleta pesada es eficaz contra objetivos tanto pequeños como medianos.

Bestia de carga de las naves de patrulla en todo el Sector, este sistema de armas cuenta con un fiable mecanismo de disparo por retroceso que, según se dice, se remonta a los días de la Vieja Tierra. Las características de seguridad incluyen un seguro contra disparo espontáneo para la limpieza del cerrojo abierto y la prevención de doble recarga. El arma suele montarse sobre una base relativamente maciza para ayudar a absorber el retroceso durante ráfagas de fuego prolongadas. Los calibres varían dentro de un alcance moderado y la munición se fabrica fácilmente en forjas estándar. 

Los proyectiles más pesados no se fragmentan al impactar como la munición más ligera y representan una amenaza creíble para las naves de clase fragata. Extremadamente precisa, aunque de disparo más lento que un cañón Vulcan. Destaca en su función de defensa antiaérea.",,,,,
arbalest,WEAPON,"Un diseño de arma anticuado con un alto daño por disparo para su tamaño. Los proyectiles cinéticos son especialmente eficaces contra los escudos enemigos.

Las naves de patrulla más pesadas en el momento del Colapso estaban equipadas en su mayoría con la plataforma de armas Arbaleste Mk I; esto probablemente explica por qué se afirma que el Arbaleste es uno de los sistemas de armas de nave más rebuscados en el Sector. El primitivo sistema de refrigeración y la falta de un ejetor automático dificultan la cadencia de fuego y la fiabilidad. 

La única característica positiva es la ubicuidad de los planos para el proyectil del Arbaleste, que resulta eficaz para derribar los escudos enemigos. La eficacia de los proyectiles no se conoce bien, y se sospecha que radica en las propiedades electromagnéticas no deseadas de las camisas de los proyectiles.",,,,,
dualflak,WEAPON,"Una versión mejorada y tremendamente eficaz del cañón antiaéreo con doble montura. Apodado «The Widowmaker» (el hacedor de viudas) por su capacidad para destrozar a los cazas enemigos.

Al igual que el cañón flak estándar, esta arma devasta cazas y misiles de menor tamaño, aunque dispara dos proyectiles equipados con fusibles de proximidad. La dispersión conformada garantiza una doble detonación y un mayor radio de destrucción. Rara vez se lanzan cazas intencionadamente contra naves equipadas con el Flak Dual por razones obvias. Excelente cadencia de fuego y velocidad de rotación de la torreta.",,,,,
chaingun,WEAPON,"La ametralladora Mk. II de GA-X Industries destaca en el combate a corta distancia, donde la precisión es menos importante que el daño total y el volumen de fuego.

Herramienta favorita de los capitanes para el «combate cuerpo a cuerpo», la Ametralladora de Asalto dispara proyectiles altamente explosivos contra el objetivo a una velocidad temible. Cuenta con sistemas de alimentación y expulsión motorizados y una avanzada unidad de nano-refrigeración integrada directamente en el cañón. 

El único inconveniente es un perfil de torreta más pesado que, junto con la falta del plano del regulador correspondiente, suele montarse en rotadores incompatibles, lo que da lugar a velocidades de rotación de la torreta inesperadamente bajas.",,,,,
heavymauler,WEAPON,"Un sistema de armas avanzado diseñado para perforar blindajes a largo alcance. Tiene una cadencia de fuego sostenida baja, pero un alto daño por ráfaga.

El Mauler Pesado es un arma brutal diseñada para participar en enfrentamientos a media y larga distancia. En esencia, el arma es un autocañón con un sistema de nanorrefrigeración y un puerto de expulsión externo. Sin embargo, a diferencia de los autocañones normales, el Mauler Pesado se distingue por un cargador de cañón de antimateria alimentado por cantidades insignificantes de combustible estándar de nave estelar.

Al salir de la cámara de disparo, cada ojiva de proyectil se carga con un campo de antiprotones que flotan entre 10 y 20 nanómetros por delante del proyectil, estabilizados por un recubrimiento de bariones. Al impactar contra un objetivo, esta «envoltura» de antiprotones pierde su integridad estructural y la reacción resultante causa daños adicionales. Dado que los proyectiles ya ejercen una impresionante fuerza destructiva sobre el objetivo, la reacción combinada hace que el Mauler Pesado sea particularmente eficaz contra objetivos blindados.",,,,,
heavyac,WEAPON,"Cañón de triple barril que dispara una ráfaga de proyectiles estandarizados a medio alcance. Es más eficaz contra los escudos enemigos.

Autocañón de triple barril, normalmente desplegado con munición de calibre medio. Las espoletas de disparo de encendido eléctrico garantizan un recuento preciso de disparos. Es un arma de apoyo de fuego excelente, que suele instalarse en naves de clase destructor y crucero. Una batería de autocañones pesados con una solución de disparo adecuada puede suponer una grave amenaza para las naves capitales. 

Sin embargo, la masa adicional necesaria para albergar los complejos sistemas de carga automática y refrigeración da lugar a una velocidad de rotación muy baja.",,,,,
hveldriver,WEAPON,"Un arma especializada diseñada para provocar sobrecarga y inutilizar los sistemas enemigos a distancia. El proyectil de duranio de alta velocidad también es eficaz contra los escudos.

El Acelerador de Hipervelocidad utiliza un proceso de dos etapas para acelerar un proyectil de duranio con un núcleo magnetizado de hierro-cobalto hasta alcanzar una velocidad muy elevada. Primero, una carga química acelera el proyectil; a continuación, las bobinas magnéticas toman el control, acelerándolo aún más y estabilizando su trayectoria. El proyectil está altamente cargado cuando alcanza el objetivo, lo que genera una cantidad significativa de interferencia electromagnética en la nave contra la que impacta.",,,,,
heavyneedler,WEAPON,"Una versión de doble montaje del Aguijoneador Ligero con una base más pesada, este avanzado sistema de armas es capaz de abrumar rápidamente a los proyectores de escudos.

El Aguijoneador Pesado es un arma avanzada que dispara pequeños proyectiles flechette. Se trata de una mejora con respecto al Aguijoneador Ligero, ya que cuenta con mejores sistemas de alimentación y refrigeración, lo que permite una cadencia de fuego aún mayor. Los proyectiles son idénticos a los de la versión ligera: munición sin casquillo con flechettes recubiertas de tungsteno, llamados «aguijones».",,,,,
gauss,WEAPON,"Un arma de largo alcance diseñada para provocar una sobrecarga en los escudos del objetivo. El proyectil cinético pesado que dispara también es eficaz contra todas las armaduras, salvo las más pesadas.

Utiliza bobinas magnéticas para acelerar un gran proyectil compuesto ultradenso hasta velocidades relativistas. Suele tener un alcance de cientos de gigaamperios, y rara vez supera el teraamperio. A diferencia de la mayoría de las armas balísticas, tiene una carga de flux muy alta al disparar. Las torretas equipadas con este sistema tienen una velocidad de rotación extremadamente baja. 

Arma muy eficaz cuya utilidad se ve limitada por la baja potencia del reactor de las naves que suelen llevar grandes soportes para armas balísticas. ",,,,,
hephag,WEAPON,"Un gran sistema de cañón balístico con buen alcance operativo; sus proyectiles altamente explosivos de carga hueca están diseñados para destrozar el blindaje pesado. Su potencia de daño bruta también puede servir para abrumar a emisores de escudos más débiles.

El cañón de asalto Hefesto es una plataforma armamentística verdaderamente devastadora que recibe su nombre de una deidad de la Vieja Tierra asociada a un lejano predecesor de la nanoforja. Un chasis típico cuenta con dos cañones L/89 que compensan el disparo de proyectiles destructores de blindaje con una alta cadencia de fuego. El eyector electromagnético, el sistema de alimentación motorizado y los nanorrefrigerantes permiten que el arma dispare durante largos periodos de tiempo, limitados únicamente por la reserva de flux.

Existe una tradición entre los oficiales de la Hegemonía de referirse al «bum-bum» del retroceso del Hefesto como «el latido del corazón de la Armada de la Hegemonía», a lo que la tripulación responde con un sonoro «¡Hurra!». En los bares de puerto se practican varios juegos de beber con una temática similar, aunque expresada de forma más cruda, para gran disgusto de los propietarios debido al estruendo de los pies y a la inevitable rotura de vasos.",,,,,
mark9,WEAPON,"El Mark IX, un imponente autocañón de medio alcance que se utiliza con mayor eficacia contra escudos, también puede servir admirablemente para destruir cascos sin blindaje. Su diseño de dos cañones y su exclusivo sistema de doble carga permiten disparar un gran volumen de proyectiles de gran calibre.

Los planos del Mark IX fueron redescubiertos por primera vez en el Sector Perseo en un derelicto a la deriva capturado en el pozo gravitacional de la Estrella de Penélope. Tras un examen apresurado de los archivos por parte de un evaluador no cualificado —los informes históricos consideraban el Mark IX obsoleto debido a su bajo rendimiento contra las naves de guerra fuertemente blindadas que predominaban en aquella época—, los planos se subastaron y fueron adquiridos por una pequeña organización mercenaria conocida como Tactistar, un contratista militar que entonces era una filial de Ko Combine, y quedaron en el olvido. Tras varios ciclos, se reunió el capital excedente suficiente para construir finalmente un prototipo de prueba para ensayos de armas. El Mark IX era, en general, poco excepcional, considerado demasiado grande y mediocre contra objetivos blindados. No obstante, su potencia de daño bruta era impresionante y las pruebas secundarias mostraron un efecto devastador cuando se empleaba contra objetivos protegidos por escudos.

Posteriormente, el Mark IX no permaneció en secreto por mucho tiempo. Tactistar Combine vendió con beneficios los derechos de fabricación en todo el Sector Perseo y pronto se recompró a sí misma de su siempre pesada corporación matriz.",,,,,
mjolnir,WEAPON,"Un sofisticado sistema de cañones de medio alcance que inflige un daño superior junto con una carga útil EMP significativa.

El Mjolnir es técnicamente un proyector magnetogravitacional más que un cañón tal y como se entiende tradicionalmente. Cada munición contiene una pequeña cantidad de materia condensada exótica y una microsingularidad aislada que se combinan de forma destructiva al impactar, canalizando la energía a través de una lente gravitacional temporal. El efecto local provoca la devastación de la materia ordinaria y la liberación de un potente pulso electromagnético (EMP) que inutiliza las armas y los sistemas de la nave objetivo.",,,,,
multineedler,WEAPON,"Dispara una lluvia devastadora de proyectiles cinéticos que superan fácilmente a la mayoría de los proyectores de escudos.

La Tormenta de Aguijones es un gran sistema de armas balísticas que dispara munición de flechettes de pequeño calibre sin casquillo. Habiendo alcanzado los límites prácticos de los sistemas de refrigeración de tamaño medio, los diseñadores de munición sin casquillo abrieron el camino hacia armas más grandes con los avanzados nanorecicladores de refrigerante de la Tormenta de Aguijones, el estriado magnetizado por cañón y el funcionamiento automatizado. Un cargador automático inteligente extrae y carga la cantidad justa de munición de los cargadores, lo que permite un funcionamiento prolongado siempre que la nave anfitriona cuente con la capacidad de flux adecuada.",,,,,
hellbore,WEAPON,"Un enorme cañón que dispara proyectiles cargados de plasma de movimiento lento. Los proyectiles son muy eficaces contra el blindaje y destruyen cualquier estructura del casco que quede debajo.

Una temida plataforma de armas, rara vez desplegada debido a la complejidad que implica la fabricación de un cañón ensamblado capaz de disparar con seguridad enormes proyectiles altamente explosivos de carga hueca. Cuando un proyectil de este tipo impacta en un objetivo, el efecto Neumann hace que la ojiva impulse un chorro de metal fundido hacia el blindaje del objetivo, vaporizando una pequeña zona, provocando brechas en el casco, despresurización y daños internos extensos por la metralla.",,,,,
reaper,WEAPON,"Un único torpedo no guiado de potencia devastadora con un potente motor a bordo.

El arma de asalto por excelencia, un solo torpedo Reaper es un gran sistema de lanzamiento autopropulsado, blindado y no guiado para una ojiva nuclear enriquecida y catalizada con AM. La ciencia que hay detrás del detonador, sorprendentemente compacto, es poco conocida en el Sector, aunque se especula ampliamente que se basa en física clasificada como secreta por las autoridades del Dominio. Lo que se sabe es que tres o cuatro de estos, si logran eludir los arcos de DA, son suficientes para destruir incluso la nave capital más grande.",,,,,
atropos,WEAPON,"Un lanzador de torpedos guiados avanzados. La carga útil es menor de lo habitual para dejar espacio al avanzado paquete de guía y a la masa de reacción del sistema de maniobra.

El torpedo Atropos es un torpedo guiado de gran tamaño con un alcance ampliado. Cada rampa monta dos torpedos que pueden dispararse por separado, lo que permite a los capitanes de asalto la máxima flexibilidad. La ojiva nuclear catalizada por AM que se utiliza habitualmente en las ojivas de los torpedos no está presente aquí, ya que la interferencia bariónica del detonador interferiría con los sistemas de guía. Se sustituye por una carga química más pequeña, pero aún así potente.",,,,,
atropos_single,WEAPON,"Un único torpedo guiado avanzado. La carga útil es menor de lo habitual para dejar espacio al paquete de guía avanzado y a la masa de reacción del sistema de maniobra.

El torpedo Atropos es un torpedo guiado de gran tamaño con un alcance ampliado. Aquí no se incluye la ojiva nuclear catalizada por AM que se utiliza habitualmente en las ojivas de los torpedos, ya que la interferencia bariónica del detonador afectaría a los sistemas de guía. Se sustituye por una carga química más pequeña, pero igualmente potente.

Este soporte cuenta con un solo torpedo.",,,,,
swarmer,WEAPON,"Un lanzador de misiles guiados de corto alcance. Los misiles están diseñados para interceptar objetivos ágiles y son especialmente eficaces contra naves pequeñas, como fragatas y cazas.

Lanza ráfagas de pequeños misiles. Un sencillo sistema de infrarrojos proporciona un seguimiento eficaz, mientras que los micropropulsores químicos ofrecen una maniobrabilidad excepcional. Los algoritmos de puntería, perfeccionados a lo largo de siglos de aplicación en el mundo real, permiten a los misiles adelantarse al objetivo: rara vez fallan y son muy difíciles de esquivar.",,,,,
swarmer_fighter,WEAPON,Lanzador de misiles guiados de corto alcance. Los misiles están diseñados para interceptar y destruir cazas enemigos.,,,,,
annihilator,WEAPON,"Dispara una ráfaga de cohetes no guiados que cubren un amplio arco. Se utiliza normalmente para destripar el blindaje enemigo una vez que los escudos están desactivados.

Cohetes de medio a largo alcance lanzados desde una pequeña vaina que dispara cinco misiles por salva en una dispersión estrecha para mejorar las probabilidades de impacto. Los cohetes son pequeños y no guiados, y el espacio adicional lo ocupan una ojiva más grande y sistemas de propulsión mejorados, así como un blindaje más grueso. 

Funciona bien contra objetivos más grandes debido a la mayor probabilidad de realizar un asalto con múltiples cohetes. Un ataque con cohetes se utiliza a menudo como cortina de humo antes de un ataque con torpedos para incapacitar los sistemas de defensa antiaérea. Tarda varios segundos en recargarse tras una salva.",,,,,
annihilator_fighter,WEAPON,Dispara una salva de cohetes no guiados. Se suele utilizar para destripar el blindaje enemigo una vez que los escudos están desactivados.,,,,,
annihilatorpod,WEAPON,"Dispara una ráfaga de cohetes no guiados. Útil para hacer frente al blindaje enemigo o, al no tener coste de flux, para ejercer presión sostenida.

Cuenta con los mismos cohetes de medio a largo alcance que se encuentran en los lanzadores más pequeños. Los cohetes no están guiados, y el espacio adicional lo ocupan una ojiva más grande y sistemas de propulsión mejorados, así como un blindaje más grueso. 

Funciona bien contra objetivos más grandes debido a la mayor probabilidad de realizar un asalto con múltiples cohetes. Un ataque con cohetes se utiliza a menudo como cortina de humo antes de un ataque con torpedos para incapacitar los sistemas de defensa antiaérea. ",,,,,
heatseeker,WEAPON,"Se dirige hacia los motores del objetivo y los inutiliza con una potente ráfaga EMP. Un sistema de carga automática apto para el combate garantiza su utilidad en enfrentamientos prolongados.

El misil Salamandra es un arma especializada con dos aspectos de diseño a destacar. El primero es un mecanismo de puntería y selección de objetivos extremadamente avanzado que le permite dirigirse hacia los motores enemigos, evitando al mismo tiempo todos los demás puntos de impacto potenciales y las amenazas de defensa antiaérea. 

La segunda es un diseño especial de ojiva que, en lugar de intentar destruir el objetivo con fuerza cinética o explosiva, genera campos electromagnéticos dirigidos de gran intensidad. Cuando se crea un campo de este tipo en las proximidades de motores y componentes del casco sin blindaje, inutiliza rápidamente todos sus sistemas electrónicos, dejándolos inservibles hasta que sean reparados.",,,,,
salamanderpod,WEAPON,"Se dirige hacia los motores del objetivo y los inutiliza con una potente ráfaga EMP. Un sistema de carga automática apto para el combate garantiza su utilidad en enfrentamientos prolongados.

Una vaina montada externamente sustituye a los portamisiles más comunes y permite disparar dos misiles casi simultáneamente. Un sistema de carga automática extrae, arma y prepara la siguiente salva de dos misiles tras una breve espera.

El misil Salamandra es un arma especializada con dos características de diseño. La primera es un mecanismo de seguimiento y puntería extremadamente avanzado que le permite dirigirse hacia los motores enemigos, evitando al mismo tiempo todos los demás puntos de impacto potenciales y las amenazas de defensa antiaérea. 

La segunda es un diseño especial de ojiva que, en lugar de intentar destruir el objetivo con fuerza cinética o explosiva, genera campos electromagnéticos dirigidos de gran intensidad. Cuando se crea un campo de este tipo en las proximidades de motores y componentes del casco sin blindaje, inutiliza rápidamente todos sus sistemas electrónicos, dejándolos inservibles hasta que sean reparados.",,,,,
harpoon,WEAPON,"Portamisiles de medio alcance y alta carga útil. Devastador contra naves con escudos desactivados.

Misiles de medio alcance en tres portamisiles. Un excelente sistema de propulsión lanza una gran ojiva hacia el objetivo a velocidades subluminales. Al sacrificar maniobrabilidad a cambio de velocidad y tamaño de la ojiva, el misil de medio alcance es una de las armas no de impacto de mayor potencia empleadas en el Sector. Un solo impacto es casi letal para naves del tamaño de una fragata.

Este sistema de armas cuenta con un lanzador que alberga múltiples misiles.",,,,,
harpoonpod,WEAPON,"Vaina de misiles guiados de medio alcance y alta carga útil. Devastador contra naves con escudos desactivados.

Una vaina montada externamente sustituye a los portamisiles más comunes y permite disparar múltiples misiles casi simultáneamente. Un cargador automático extrae, arma y prepara la siguiente salva de misiles tras una breve espera.

Estos misiles de medio alcance son idénticos a los lanzados desde portamisiles simples o triples, y son una forma excelente de acabar con una nave con los escudos desactivados. Un excelente sistema de propulsión lanza una gran ojiva hacia el objetivo a velocidades subluminales. Al sacrificar maniobrabilidad a cambio de velocidad y tamaño de la ojiva, el misil de medio alcance es una de las armas no de impacto de mayor potencia empleadas en el sector. Un solo impacto es casi letal para naves del tamaño de una fragata.
",,,,,
harpoon_single,WEAPON,"Misil guiado de medio alcance y alta carga útil. Devastador contra naves con los escudos derribados.

Un excelente sistema de propulsión lanza una gran ojiva hacia el objetivo a velocidades subluminales. Al sacrificar maniobrabilidad a cambio de velocidad y tamaño de la ojiva, el misil de medio alcance es una de las armas no de impacto de mayor potencia empleadas en el sector. Un solo impacto es casi letal para naves del tamaño de una fragata.

Este soporte solo puede lanzar un misil a la vez y lleva un único misil de repuesto en un cargador apto para combate empotrado en el casco.",,,,,
sabot,WEAPON,"Lanza una descarga de penetradores cinéticos de alta velocidad en la segunda fase cuando se encuentra dentro del alcance. Inflige graves daños a los escudos y daños masivos por pulso electromagnético (EMP) al impactar contra el casco o el blindaje enemigo. Difícil de detener con DA.

Los misiles de clase Sabot son armas cinéticas de dos etapas y corto alcance. La primera etapa del misil guiado proyecta un complemento secundario hasta una distancia de ataque de un objetivo protegido por escudos. A continuación, el ordenador de puntería a bordo enciende el propulsor de un penetrador cinético. Este «sabot», como se le conoce comúnmente, suele ser un proyectil estrecho y estabilizado lateralmente, fabricado con un material ultradenso como el uranio empobrecido.

Excelente para derribar escudos enemigos y provocar una sobrecarga. El blindaje estándar de las naves está espaciado, por lo que el sabot causa un daño más manejable si los escudos se bajan a tiempo para recibir el impacto en el blindaje.

Este sistema de armas cuenta con un lanzador que alberga múltiples misiles.",,,,,
sabotpod,WEAPON,"Dispara una ráfaga de penetradores cinéticos de alta velocidad en una segunda etapa cuando se encuentra dentro del alcance. Causa graves daños a los escudos y daños masivos por pulso electromagnético (EMP) al impactar contra el casco o el blindaje enemigo. Difícil de detener con DA.

La vaina sustituye a los portamisiles más comunes y permite disparar múltiples misiles casi simultáneamente. Un cargador automático extrae, arma y prepara la siguiente salva de misiles tras un breve retraso.

Los misiles de clase Sabot son armas cinéticas de dos etapas y corto alcance. La primera etapa de un misil guiado proyecta un conjunto secundario hasta una distancia de ataque de un objetivo protegido por escudos. A continuación, el ordenador de puntería a bordo enciende el propulsor de un penetrador cinético. Este «sabot», como se le conoce comúnmente, suele ser un proyectil estrecho y estabilizado lateralmente, fabricado con un material ultradenso como el uranio empobrecido.

Excelente para derribar escudos enemigos y provocar una sobrecarga. El blindaje estándar de las naves está espaciado, por lo que el sabot causa un daño más manejable si los escudos se bajan a tiempo para recibir el impacto en el blindaje.

Este sistema de armas cuenta con un bastidor de disparo que alberga múltiples misiles.",,,,,
sabot_single,WEAPON,"Dispara una ráfaga de penetradores cinéticos de alta velocidad en una segunda etapa cuando se encuentra dentro del alcance. Causa un daño considerable a los escudos y un daño EMP masivo al impactar contra el casco o el blindaje enemigo. Difícil de detener con DA.

Los misiles de clase Sabot son armas cinéticas de dos etapas y corto alcance. La primera etapa del misil guiado proyecta un complemento secundario hasta una distancia de ataque de un objetivo protegido por escudos. A continuación, el ordenador de puntería a bordo enciende el propulsor de un penetrador cinético. Este «sabot», como se le conoce comúnmente, suele ser un proyectil estrecho y estabilizado lateralmente, fabricado con un material ultradenso como el uranio empobrecido.

Excelente para derribar escudos enemigos y provocar una sobrecarga. El blindaje estándar de las naves está espaciado, por lo que el sabot causa un daño más manejable si los escudos se bajan a tiempo para recibir el impacto en el blindaje.

Este soporte solo puede lanzar un misil a la vez y lleva un único misil de repuesto en un cargador apto para combate empotrado en el casco.",,,,,
sabot_fighter,WEAPON,"Dispara una ráfaga de penetradores cinéticos de alta velocidad en una segunda etapa cuando se encuentra dentro del alcance. Causa un daño considerable a los escudos y un daño EMP masivo al impactar contra el casco o el blindaje enemigo. Difícil de detener con DA.

Los misiles de clase Sabot son armas cinéticas de dos etapas y corto alcance. La primera etapa del misil guiado proyecta un complemento secundario hasta una distancia de ataque de un objetivo protegido por escudos. A continuación, el ordenador de puntería a bordo enciende el propulsor de un penetrador cinético. Este «sabot», como se le conoce comúnmente, suele ser un proyectil estrecho y estabilizado lateralmente, fabricado con un material ultradenso como el uranio empobrecido.

Excelente para derribar escudos enemigos y provocar una sobrecarga. El blindaje estándar de las naves está espaciado, por lo que el sabot causa un daño más manejable si los escudos se bajan a tiempo para recibir el impacto en el blindaje.

Este soporte solo lleva un único misil.",,,,,
breach,WEAPON,Un misil rápido y fuertemente blindado con buena guía y una ojiva antiblindaje pequeña y especializada.,,,,,
breachpod,WEAPON,Un misil rápido y fuertemente blindado con buena guía y una ojiva antiblindaje pequeña y especializada.,,,,,
pilum,WEAPON,"Misil de dos etapas adecuado para el apoyo a largo alcance por parte de naves de combate de retaguardia. La segunda etapa tiene una velocidad máxima más alta, lo que le da más posibilidades de derrotar a los sistemas de defensa antiaérea.

El misil de clase Pilum, un arma tecnológicamente madura, es la elección obvia para los asaltos de largo alcance de los capitanes cautelosos. La ojiva consta de un dispositivo capaz de provocar fallos puntuales en los escudos activos y un generador de EMP para asestar un golpe moderado a través de estas brechas. Ninguno de los dos dispositivos es particularmente eficaz debido a las limitaciones impuestas por los desmesurados tanques de combustible del misil.

Un sistema de carga automática apto para el combate garantiza una utilidad continuada, aunque modesta, en enfrentamientos prolongados.",,,,,
pilum_large,WEAPON,"Un misil de dos etapas adecuado para el apoyo a largo alcance por parte de naves de combate de retaguardia. La segunda etapa tiene una velocidad máxima más alta, lo que le da más posibilidades de superar los sistemas de defensa antiaérea. El sistema de lanzamiento «Catapulta» produce una mayor concentración de fuego.

El misil de clase Pilum, un arma tecnológicamente madura, es la elección obvia para los asaltos de largo alcance de los capitanes cautelosos. La ojiva consta de un dispositivo capaz de provocar fallos puntuales en los escudos activos y un generador de EMP para asestar un golpe moderado a través de estas brechas. Ninguno de los dos dispositivos es particularmente eficaz debido a las limitaciones impuestas por los enormes tanques de combustible del misil.

Un sistema de carga automática apto para el combate garantiza una utilidad continuada, aunque modesta, en enfrentamientos prolongados.",,,,,
phasecl,WEAPON,"Lanza cargas de proximidad de baja velocidad con un impresionante radio de explosión y la capacidad de ignorar el fuego de defensa antiaérea. Especialmente devastador contra cazas, pero también eficaz contra objetivos blindados.",,,,,
phasecl_bomber,WEAPON,"Realiza el despliegue de cargas de proximidad de baja velocidad con un impresionante radio de explosión. Especialmente devastador contra cazas, pero también eficaz contra objetivos blindados.",,,,,
typhoon,WEAPON,Este sencillo pero potente sistema de armas consta de un tubo de lanzamiento y un cargador que suele contener un puñado de torpedos estándar de clase Reaper.,,,,,
cyclone,WEAPON,"Sistema de lanzamiento doble capaz de lanzar una descarga de torpedos. Devastador para naves lentas que no pueden apartarse a tiempo.

El lanzador de clase Ciclón, un arma de gran tamaño, cuenta con dos grandes tubos de torpedos y un cargador interno. El sistema de control de fuego está sincronizado y dispara dos torpedos de clase Reaper en tándem. Un cargador automático prepara la siguiente salva desde el cargador en cuestión de segundos.",,,,,
hurricane,WEAPON,"Lanza un misil que se divide en múltiples ojivas al acercarse al objetivo. Especialmente devastador contra enemigos con los escudos desactivados.

Las torretas Huracán son un arma de la última época de Expansión del Dominio diseñada para lanzar una vaina de lanzamiento de misiles múltiples autopropulsada. Un ordenador de puntería programa la vaina con una solución de impacto en el momento de su lanzamiento. El enjambre de pequeños misiles lanzados es peligroso para todo tipo de naves. Los misiles cuentan con una ojiva de carga hueca, lo que los hace más eficaces contra el blindaje enemigo. Estas características convierten al Huracán en un arma letal, que normalmente solo disparan los oficiales de artillería con órdenes de destruir por completo a objetivos incapacitados.",,,,,
mininglaser,WEAPON,"Láser utilitario barato cableado para la defensa contra misiles y cazas. De largo alcance, pero limitado por su baja potencia de salida.

Un láser minero Mk I cuenta con un medio de ganancia de gas fluoruro reacondicionado para el combate. El paquete de puntería de microasteroides se ha reutilizado para rastrear y apuntar a los misiles entrantes. Prácticamente inútil para objetivos más grandes o blindados. Tiene un haz de rastreo de 670 nm incorporado.",,,,,
pdlaser,WEAPON,"Pequeño láser diseñado para la defensa contra misiles y cazas, con gran capacidad de seguimiento, daño aceptable y alcance muy corto.

La simplicidad, la fiabilidad y los bajos costes de flux caracterizan a esta omnipresente arma de defensa antiaérea. El láser se basa en un medio de ganancia de dióxido de carbono combinado con un haz marcador de corto alcance. Un sencillo conjunto de lentes de una sola etapa sin piezas móviles permite que el arma funcione durante largos periodos sin necesidad de procedimientos de mantenimiento. Su bajo daño ha dado lugar a la creación del acrónimo inverso «Pray [it's a] Dud» (Reza para que sea un fallido).",,,,,
taclaser,WEAPON,"Láser de combate estándar, útil en alcances medios y largos. Un arma muy flexible, especialmente eficaz contra objetivos sin blindaje.

Bestia de carga de las armas de rayos en el sector, el láser táctico se utiliza a menudo debido a su bajo coste de mantenimiento, versatilidad y facilidad de construcción. Cuenta con un medio de ganancia de dióxido de carbono estándar, un haz marcador de 530 nm y tres conjuntos de lentes. Una buena arma de apoyo para naves pequeñas, especialmente en enfrentamientos prolongados.",,,,,
ioncannon,WEAPON,"Un cañón de energía de medio alcance que emite un pulso electromagnético (EMP) y puede inutilizar rápidamente los sistemas y motores enemigos. Puede provocar un arco eléctrico en los módulos cercanos al punto de impacto.

El medio de ganancia no estándar del cañón iónico proyecta materia bariónica altamente ionizada en un rayo coherente. Cuando el rayo de iones impacta en el objetivo, crea un campo magnético localizado que causa estragos en todo tipo de sistemas electrónicos, incluidos sensores, encendedores de combustible, módulos de puntería, ordenadores, etc. El arma también funde ciertos circuitos y puede sobrecargar ligeramente los generadores de escudos, por lo que causa una cantidad insignificante de daño permanente. Rara vez es el único tipo de arma equipado en las naves.",,,,,
ioncannon_fighter,WEAPON,Un cañón de energía de alcance medio y disparo lento que emite un pulso electromagnético (EMP) y puede inutilizar rápidamente los sistemas y motores enemigos. Puede provocar un arco eléctrico en los módulos cercanos al punto de impacto.,,,,,
irpulse,WEAPON,"Un láser de ondas IR de flux eficiente que dispara ráfagas de energía a medio alcance. Un arma excelente para ráfagas de fuego prolongadas.

Esta arma es idéntica a la mayoría de los láseres de combate con un medio de ganancia de dióxido de carbono disparado a once micras. Una fuente de alimentación con conmutación Q permite la ablación del objetivo, lo que hace que el arma sea mucho más eficaz que un rayo convencional, a costa de un consumo de energía mucho mayor. Se utiliza con mayor frecuencia en cazas o fragatas, donde el corto alcance del arma puede compensarse con la maniobrabilidad de la nave equipada.",,,,,
irpulse_fighter,WEAPON,Un láser de ondas IR de disparo lento y flux eficiente que dispara ráfagas de energía a medio alcance. Un arma excelente para ráfagas de fuego prolongadas.,,,,,
lrpdlaser,WEAPON,"Arma de energía de alcance medio, eficaz para neutralizar amenazas de misiles y cazas. Puede dispararse durante largos periodos, pero el daño es inferior a la media.

Un conjunto de lentes adicional elimina las partículas autodifusoras de un rayo de dióxido de carbono estándar disparado a una longitud de onda de once micras. El alcance ampliado permite que la potencia, por lo demás baja, tenga un mayor impacto en los objetivos. Particularmente útil para destruir misiles dirigidos hacia un objetivo protegido por escudos; un láser de defensa antiaérea estándar no suele tener el alcance suficiente para traspasar los escudos defensivos de la nave a la que se supone que debe proteger.",,,,,
pdburst,WEAPON,"Cuenta con un condensador integrado que permite al arma disparar varias ráfagas en rápida sucesión si se deja recargar por completo. Excelente contra misiles y cazas.

El láser de ráfagas de defensa antiaérea es una mejora de las armas de rayos DA estándar. El medio de ganancia con conmutación Q se bombea por pulsos, lo que garantiza que la potencia suministrada al medio de ganancia de zafiro dopado con titanio alcance su pico en un intervalo predefinido. El resultado es un arma que dispara una vez cada par de segundos y es extremadamente eficaz para su pequeño tamaño. El consumo de energía es lo suficientemente bajo como para que incluso algunos núcleos de energía de cazas puedan soportar la carga de disparo.",,,,,
pdburst_fighter,WEAPON,"Un láser de alta intensidad y ráfagas cortas con un rendimiento excelente contra misiles y cazas. La velocidad de recarga se ve reducida debido a un condensador más pequeño que el de los modelos estándar, a causa de los requisitos de montaje en chasis ligero.

El láser de ráfagas de defensa antiaérea es una mejora de las armas de rayos DA estándar. El medio de ganancia con conmutación Q se bombea por pulsos, lo que garantiza que la potencia suministrada al medio de ganancia de zafiro dopado con titanio alcance su pico en un intervalo predefinido. El resultado es un arma que dispara una vez cada par de segundos y que resulta extremadamente eficaz para su reducido tamaño. El consumo de energía es tan bajo que incluso los núcleos de energía de algunas naves de caza pueden soportar la carga de disparo.",,,,,
amblaster,WEAPON,"Un cañón de energía de disparo lento y daño extremadamente alto, diseñado para suponer una amenaza para las naves más grandes del Sector. Solo se puede utilizar a corta distancia.

El Cañón de Antimateria es una de las armas más complicadas que existen. La antimateria se almacena en proyectiles que tienen su propio proyector de campo magnético integrado en la carcasa. Para generar un campo lo suficientemente fuerte como para contener y expulsar la antimateria (normalmente positrones), el condensador integrado debe pasar un tiempo considerable cargándose. Una vez generado un campo magnético de la intensidad requerida, el proyectil se rompe y la antimateria es expulsada hacia el objetivo, siendo su principal propulsor la fuerza de Lorentz alrededor de la boca del cañón. 

Extremadamente eficaz contra todos los objetivos.",,,,,
phasebeam,WEAPON,"Un rayo de corto alcance y corta duración que causa graves daños en una ráfaga. Eficaz contra blindajes, dentro de lo que permiten las armas de rayos.

Esta arma es, en esencia, simplemente un rayo láser con un medio de ganancia de zafiro triplicado para garantizar las longitudes de onda armamentísticas más altas posibles. Los fotones se disparan a través de un filtro hiperdimensional que emite un rayo de energía que existe parcialmente en el espacio p. La física del filtro no se comprende del todo, y en entornos de laboratorio los componentes del espacio p de un rayo que superen los 6,66 gigavatios a veces parpadean, como si estuvieran bloqueados. Los soportes de armas nunca utilizan niveles de energía tan altos para garantizar la fiabilidad.",,,,,
gravitonbeam,WEAPON,"Un arma de rayos atípica que resulta muy eficaz contra los escudos, ya que los desestabiliza y aumenta el daño infligido por cualquier fuente. Tiene un alcance excelente, pero su ratio de daño por segundo contra la armadura es inferior a la media.

El núcleo de esta arma es un generador de fisuras de brana que sigue un rayo trazador de 500 nm. El rayo prepara el espacio-tiempo local para la fisura, además de proporcionar información de puntería a los operadores manuales. 

Una vez abierta la fisura, los gravitones de branas superiores entran en masa en el espacio-tiempo local y persisten hasta 100 centisegundos. El daño al objetivo es causado por el intenso cizallamiento gravimétrico resultante. Estos gravitones de branas superiores superan fácilmente los campos de energía estándar.",,,,,
pulselaser,WEAPON,"Dispara ráfagas repetidas de energía, lo que lo hace ideal para el combatiente de medio alcance que dispone de reservas de flux y desea ejercer una presión constante sobre el enemigo.

Diseñado para disparar pulsos en lugar de un haz constante, con una potencia de salida total que supera a los diseños de funcionamiento constante. Al igual que con los láseres continuos, se alimenta energía a un medio de ganancia de dióxido de carbono y este produce fotones con longitudes de onda de once micras. 

Una mayor energía suministrada en menos tiempo significa que el objetivo sufre ablación, un proceso que provoca la vaporización de pequeñas secciones de la superficie. Las ondas de choque resultantes causan daños estructurales adicionales. ",,,,,
miningblaster,WEAPON,"El mejor amigo del minero, esta arma puede disparar una ráfaga de rayos de energía pulverizadores a corto alcance. El escáner de minerales se reutiliza como un sistema de bloqueo para evitar el uso excesivo contra los escudos cuando el arma está en modo de disparo automático.",,,,,
heavyblaster,WEAPON,"Dispara descargas de energía contra objetivos enemigos. Con un alto coste de daño y flux, el Cañón Pesado es una de las armas más letales para su tamaño.

El Cañón Pesado, un arma de energía fiable, utiliza munición mejorada de gas de alta energía que, al activarse con una fuerte corriente eléctrica, se convierte en plasma. Previamente se dispara un electrón guía a lo largo del eje de desplazamiento, lo que garantiza que el rayo de plasma no contenido viaje en la dirección prevista, gracias a una física que aún no se comprende del todo.",,,,,
heavyburst,WEAPON,"Una versión más pesada del láser de ráfagas DA, este arma cuenta con un mayor alcance y un mayor número de condensadores integrados para un mayor daño inicial.

Un arma a menudo subestimada, el láser de ráfagas pesado es en realidad una de las armas de rayos con mejor rendimiento disponibles en el Sector. Un examen superficial del medio de ganancia y la carcasa de la lente suele bastar para convencer incluso al inspector más escéptico de que la tecnología que alberga es de lo mejor que el Dominio tiene para ofrecer. 

Ni los más altos mandos del Comité de Armamento de la Hegemonía, ni siquiera la División de Física Híbrida de Tri-Tachyon, comprenden la física que crea el efecto de ráfaga. Se teoriza que un rayo multifásico con conmutación Q podría dispararse a través de un filtro cuántico que aseguraría el entrelazamiento y crearía un efecto de ráfaga. Esto podría explicar la carcasa de lente triple, que originalmente se pensaba que era un sistema de seguridad. Pero estas son solo teorías. 

En combate, el láser de ráfaga pesada es el preferido por aquellos que quieren asegurarse de que su perímetro de defensa antiaérea sea de última generación.",,,,,
plasma,WEAPON,"El cañón de plasma, una de las armas energéticas más devastadoras conocidas en el Sector Perseo, lanza rayos de plasma semiestables de alta energía contra su objetivo. Esta arma tiene una reputación igualmente temible entre los operadores por provocar una sobrecarga en el propio depósito de flux de una nave de guerra.

La carga útil consiste en un evento de microfusión detonado a través de una lente gravitacional compuesta que concentra gran parte de la energía resultante hacia atrás para crear lo que se ha descrito matemáticamente como un miniuniverso temporal de alta energía. Muchos científicos serios consideran que esta explicación teórica es una justificación a posteriori de la aplicación puramente accidental de principios desconocidos. El Consejo de Adquisiciones de la Armada del Dominio, sin embargo, no mostró interés en investigar tales detalles y aprobó su fabricación; al fin y al cabo, la mano dura del Ministerio de Normas Tecnológicas está siempre vigilante, y su «ayuda» podría haber anulado todo el proyecto. En cualquier caso, en los pocos segundos críticos de semiestabilidad, el plasma contenido de forma anómala es acelerado por impulsores magnéticos montados en los pilones delanteros del chasis hacia el objetivo, con resultados previsiblemente destructivos.

Si la anomalía del proyectil no se rompe por un impacto violento con materia-energía ordinaria durante su corta vida útil, una brana superior absorberá la mayor parte del plasma energético, haciendo que desaparezca de nuestra dimensión para siempre. Al menos, eso se supone.",,,,,
hil,WEAPON,"Unas armas de rayos de largo alcance y gran poder destructivo, a menudo montadas en naves de apoyo o en naves que necesitan capacidad antiblindaje con un presupuesto limitado.

El láser de alta intensidad es un arma de gran potencia con una potencia nominal que supera con creces el alcance de los gigavatios. Para producir tal potencia durante un periodo prolongado, el diseño se basa en un núcleo de energía de fusión integrado. Este núcleo sigue requiriendo un actuador externo, función que desempeña el reactor de la nave cuando se inicia el disparo. 

Tres conjuntos de lentes meticulosamente calibrados guían los fotones dentro de la unidad de ignición, lo que requiere unos segundos para acumular la energía necesaria para mantener un rayo coherente. El medio de ganancia es un sistema gas-sólido de dos etapas con conmutación Q y proporciona un potente flujo de partículas capaz de aniquilar objetivos desprevenidos en segundos.

El alcance extremo a partir del cual se puede rastrear y destruir a los objetivos hace que el HIL destaque a la hora de proporcionar apoyo cercano de forma segura a las naves aliadas que se encuentran en un enfrentamiento cuerpo a cuerpo. Es el arma preferida de los capitanes que pueden gestionar el coste de flux asociado a su funcionamiento.",,,,,
autopulse,WEAPON,"Numerosos condensadores integrados constituyen el núcleo de esta arma energética extremadamente eficiente, a la par que potente. El elevado daño por ráfaga derivado del gasto de las cargas acumuladas se ve compensado por una cadencia de fuego sostenida comparativamente baja.",,,,,
guardian,WEAPON,"Un conjunto de láseres más pequeños montados juntos en una vaina giratoria con un condensador integrado que permite un daño por ráfaga extremadamente alto contra cazas y misiles.

El Paladín es un sistema DA de grado militar que suele desplegarse en naves capitales debido a su coste de producción y a los elevados requisitos de flux. El núcleo de puntería sub-gamma autónomo integrado y el sistema IFF están diseñados para detectar y destruir municiones de asalto entrantes y cazas que hayan penetrado la pantalla defensiva de escolta de la nave anfitriona. 

Cinco láseres de dióxido de carbono independientes, de diseño venerable y fabricación de primera línea, proporcionan una potencia de fuego excepcionalmente concentrada en un paquete compacto, mientras que un ingenioso sistema virtual de contrapeso inercial hace que el seguimiento del objetivo sea casi instantáneo. Los prohibitivos requisitos energéticos suelen permitir que el arma se active solo en ráfagas cortas, aunque esto suele ser suficiente para hacer frente a los enemigos de la categoría de amenaza del objetivo.",,,,,
tpc,WEAPON,"El LPT, una voluminosa arma de energía de una época temprana, está integrado directamente en el casco del Onslaught para proporcionar una potencia de fuego frontal abrumadora.

Diseñada antes de que los comités de adquisición de la Armada del Dominio confiaran plenamente en las armas de energía modulares, esta arma se incluyó en los planos del Onslaught porque ningún otro casco de la época era capaz de suministrar la potencia necesaria.

Aunque algunos de los diseños modulares de épocas posteriores la superan en rendimiento, el lanzador de pulso térmico sigue siendo una parte integral del arsenal del Onslaught.",,,,,
tachyonlance,WEAPON,"Un rayo de disparo en ráfagas que inflige un daño devastador con un componente EMP en cascada. Los arcos EMP tienen la posibilidad de atravesar los escudos en función del nivel de flux duro del objetivo.

La Lanza de Taquiones, un arma tan rara y poderosa que ha alcanzado un estatus mítico en el Sector, utiliza una tecnología central basada en los principios de un prototipo experimental de sistema de comunicación FTL, pero con una peculiaridad. En lugar de utilizar las propiedades hiperdimensionales de la partícula taquión para la comunicación, la manipulación de n-branas y los generadores de antiplasma crean un flujo de taquiones cargado que viaja por el hiperespacio. Los requisitos mínimos de energía son astronómicos y esta cantidad de potencia solo puede generarse durante unos segundos mediante los condensadores de energía más grandes, que se encuentran alojados dentro del sistema de armas. 

A diferencia de los rayos disparados por las armas de rayos normales, el flujo de taquiones no se enfoca ni se altera de ninguna manera; de hecho, una vez que se activa el marcador de taquiones inicial, la reacción cobra vida propia, consumiendo rápidamente la energía almacenada en los condensadores y desatando la destrucción. Cuando el espacio normal se ve expuesto a niveles tan altos de antiplasma, un efecto combinado de cavitación electromagnética, gravitatoria y térmica destroza todo lo que se interpone en su camino, al tiempo que daña gravemente los equipos electrónicos cercanos.",,,,,
swarm_launcher,WEAPON,"«Fragmentos autónomos anteriormente indiferenciados son reasignados desde la propia estructura de la nave anfitriona para reponer la nube permanente, desde donde pueden ser asignados a grupos de ataque organizados de forma flexible. El elemento clave parece ser esto —lo designaré como— un nodo de sistemas especializado. Especulamos que se trata de un clúster de procesamiento/comunicación distribuido, uno de los varios que se ven resaltados en el casco, aquí. Estos parecen coordinar, posiblemente iniciar y delegar, el comportamiento hostil de los elementos del enjambre semiautónomo». ",- INFORME HOLOGRÁFICO SELLADO que se enviará ÚNICAMENTE al Director de Adquisiciones Especiales,,,,
seeker_fragment,WEAPON,«Un elemento principal llevaba una potente carga explosiva de forma especial; no podemos determinar si tuvo un despliegue desde una reserva limitada de municiones o si se fabricó in situ. El enjambre circundante actuó como pantalla de sacrificio para permitir que el elemento principal penetrara nuestra red de defensa antiaérea. Atravesó el cinturón de blindaje a lo largo de tres cubiertas y luego...»,- INFORME HOLOGRÁFICO SELLADO que se enviará ÚNICAMENTE al Director de Adquisiciones Especiales,,,,
kinetic_fragments,WEAPON,"«Varios grupos de elementos del enjambre libre comenzaron a acumular una carga interna; los campos electromagnéticos se acercaban e incluso superaban el umbral de sobrecarga de varios de sus componentes internos; aquí se puede ver el halo de plasma a medida que el material se desprende de la estructura. Al alcanzar este estado excitado, los elementos aceleraron hacia nuestros escudos en un intento de producir una sobrecarga... con un efecto desafortunado, hay que decir».",- INFORME HOLOGRÁFICO SELLADO que se enviará ÚNICAMENTE al Director de Adquisiciones Especiales,,,,
unstable_fragment,WEAPON,"«En respuesta a amenazas de misiles o, como descubrimos, a la aproximación de un escuadrón de cazas de ataque, ciertos elementos o ""fragmentos"" del enjambre estacionario comenzaron a irradiar un calor residual que aumentaba exponencialmente. Esta fue la señal inicial, como reveló el análisis de telemetría posterior al encuentro, de una sobrecarga autodestructiva del núcleo de energía. Estos elementos ""calientes"" utilizan propulsores de maniobra para interceptar al escuadrón que se aproxima y detonar. La fuerza de la sobrecarga de múltiples reactores de microfusión y los escombros resultantes fue más que suficiente para atravesar el blindaje ligero de las naves espaciales».

«Se emitirá un parche de algoritmo táctico para que dicho comportamiento pueda ser etiquetado tan pronto como sea detectado por los conjuntos de sensores integrados en el combate».",- INFORME HOLOGRÁFICO SELLADO que se enviará ÚNICAMENTE al Director de Adquisiciones Especiales,,,,
devouring_swarm,WEAPON,"«Las tácticas de enjambre garantizan que un porcentaje de los elementos de ataque penetre en la pantalla defensiva activa del objetivo. Los elementos supervivientes utilizan su impulso para... adherirse al casco. Se realiza el despliegue de herramientas y manipuladores semiautónomos —apenas se les puede llamar armas— para desmantelar tabiques, conductos y sistemas de la nave. Los materiales recuperados se devuelven a los puntos de brecha y de ahí a... parecían drones de carga, que intentaban regresar a la nave nodriza con su botín».

«Aunque las máquinas no tienen puntería contra la tripulación humana, aquellos con aumentos cibernéticos —algo común entre los astronautas y, por supuesto, entre los empleados y oficiales de la Compañía— fueron... cosechados. Nos vimos obligados a asignar marines a los equipos de control de daños».",- INFORME HOLOGRÁFICO SELLADO que se enviará ÚNICAMENTE al Director de Adquisiciones Especiales,,,,
voltaic_discharge,WEAPON,"«Ampliamos la imagen y... observamos la estructura distintiva de la fuente del arco. Se recomienda el uso de escudos y blindaje electromagnético cuando se identifiquen características coincidentes; se adjunta a este informe un conjunto de datos tácticos actualizados».

«La operación continuó cuando se detectó un fuerte campo magnético en un miembro del enjambre permanente... antes de que la sonda fuera destruida, esta cartografió líneas de campo que se extendían mucho más allá del elemento del enjambre que las sustentaba. Como pueden ver en esta imagen final antes de que se cortara la telemetría —retrocedamos un fotograma, antes del apagón electromagnético...»",- INFORME HOLOGRÁFICO SELLADO que se enviará ÚNICAMENTE al Director de Adquisiciones Especiales,,,,
neutron_torpedo,WEAPON,"«[Resultados de la revisión / abreviado: verdadero] de la ""REVISIÓN ESPECIAL del sistema de lanzamiento de munición de materia ultradensa (exótica)""…»

«Si bien este comité reconoce que el contratista ha demostrado los medios para contener y controlar una carga útil de neutronio en condiciones de laboratorio —respaldado por un gasto astronómico de los contribuyentes, debo añadir—, no ha demostrado, ni ahora ni nunca, la viabilidad de su despliegue en el campo de batalla. Este comité recomienda que se retire la financiación y —[voces en alto, ininteligible]— que se denieguen a la Corporación Tri-Tachyon nuevas autorizaciones tecnológicas aplicadas en este campo hasta que se realice una auditoría completa de los gastos del proyecto...»","- Adquisiciones de la Armada del Dominio, actas del APRC-3 // CLASIFICADO GALENA (histórico)",,,,
light_mass_driver,WEAPON,"«[Mejor coincidencia: ""Sistema de armas Impulsor de Masa Ligero (obsoleto)"" / abreviado: verdadero / mostrar coincidencia parcial: verdadero / advertencias: La variante contiene modificaciones sin licencia. La variante muestra un ID de producción no registrado. La variante puede infringir las Normas de Seguridad Tecnológica del Dominio.]

«...que dispara un proyectil hiperveloz denso, parcialmente ferroso, que proporciona una carga cinética respetable para su clase.»

«...es una versión militarizada de la catapulta lineal civil Mk.III de Stencor, preferida por los consorcios mineros de la frontera. Se ganó una mala reputación debido a los accidentes causados por copias nanofabricadas sin licencia.","- Resultados recopilados de «La Enciclopedia Autorizada de los Primeros Sistemas de Armas de la Armada del Dominio, 43.ª edición»",,,,
heavy_mass_driver,WEAPON,"«[Mejor coincidencia: «Sistema de armas Cañón de Masa Pesado (obsoleto)» / abreviado: verdadero / mostrar coincidencias parciales: verdadero / advertencias: La variante contiene modificaciones sin licencia. La variante muestra un ID de producción no registrado. La variante podría infringir las Normas de Seguridad Tecnológica del Dominio.]

«...que dispara una carga pesada de material ultradenso con revestimiento ferromagnético. Se ha comprobado que los proyectiles hiperveloces del Cañón de Masa Pesado son especialmente eficaces para producir sobrecarga en los emisores de escudos.»

«...es una versión militarizada del modelo civil pesado de la corporación, ampliamente empleado en aplicaciones de terraformación. Se descubrió que el sistema de armas era utilizado por «bandidos» anti-Dominio en naves de guerra pesadas y en instalaciones defensivas [Véase también: > Segundos disturbios de Uridim]. La Corporación Stencor investigó... y no se le consideró responsable de la filtración de los diseños de las armas».","- Resultados recopilados de «La Enciclopedia Autorizada de los Primeros Sistemas de Armas de la Armada del Dominio, 43.ª edición»",,,,
neoferric_quadcoil,WEAPON,"«[Mejor coincidencia: ""Sistema de armas Tetrabobina (obsoleto)"" / abreviado: verdadero / mostrar coincidencia parcial: verdadero / advertencias: La variante contiene modificaciones sin licencia. La variante muestra un ID de producción no registrado. La variante puede infringir las Normas de Seguridad Tecnológica del Dominio.]

«El propulsor de masa militarizado de montaje cuádruple de la Corporación Stencor es un rediseño basado en su línea civil de catapultas lineales. La antigua munición de impacto de compuesto sólido fue sustituida en esta aplicación por una nueva clase de munición SAPHE de propulsión magnética diseñada según las especificaciones dictadas por el Consejo de Adquisiciones de la Armada. La Tetrabobina añadió un sistema de armas balísticas antiblindaje de alta velocidad al arsenal de la Armada, al menos a los pocos grupos de combate que pudieron beneficiarse de las series de producción inicialmente limitadas».

«Al no poder cumplir la Corporación Stencor con las cuotas originales, esta cedió a la presión y transfirió el contrato de adquisición a Astilleros Orion. Posteriormente, Stencor reclamó una indemnización por daños y perjuicios a Orion debido a la filtración de archivos de licencia a piratas informáticos de la blackweb. [Véase también: > Stencor, escándalo de armamento, > Stencor, quiebra y disolución]»","- Resultados recopilados de «La Enciclopedia Autorizada de los Primeros Sistemas de Armas de la Armada del Dominio, 43.ª edición»",,,,
voltaic_cannon,WEAPON,"«Un rayo en bola del mismísimo infierno. ¿Algún tipo de proyectil de plasma autoestabilizado que contiene una cuasipartícula monopolar? Eso es lo que dijo el técnico. Bueno, tenía tanta carga como cualquier carga útil EMP con la que me haya topado en combate, pero se mantiene unido a un alcance tan largo...»

«El asalto inutilizó las armas principales de la nave insignia y la mayor parte del DA. También freió la mitad de los búferes de datos. Menos mal que transmitimos regularmente los datos de los sensores a núcleos reforzados, porque esa es mi vía de escape de este negocio nefasto. Cuando volvamos, me llevaré mi parte antes de tiempo. Y luego, la jubilación».","- Desconocido, registro de audio encontrado en la periferia exterior",,,,
voidblaster,WEAPON,"«El efecto de cizallamiento del espacio-tiempo parece propagarse a una velocidad cercana, pero no exactamente igual, a la de la luz local. Sigo trabajando en ello; he descartado un error de calibración de los sensores. No puedo especular sobre el alcance teórico; el factor limitante es la capacidad de enfocar dentro del espacio normal. El daño a objetivos no blindados es espectacular. Tendré que redactar el informe oficial más tarde, nos están llegando tantos datos nuevos... No sé cómo los bots podrían haber ideado esto por su cuenta. A Zunya le va a encantar».",- INFORME HOLOGRÁFICO SELLADO que se enviará ÚNICAMENTE al Director de Adquisiciones Especiales,,,,
skirmish_unit,SHIP,"Resultado más cercano encontrado en el archivo para la fragata de clase «Iklwa», 54,38% de confianza. Consultando la base de datos... «Ágil y, una vez que la doctrina de la Armada maduró ante las nuevas condiciones de la Rebelión de los Bandidos de Aquila, la omnipresente Iklwa formó el... ALERTA DE ADVERTENCIA DE VIOLACIÓN DE UMBRAL INFOSEC DEL DOMINIO
// reiniciando transmisión de datos...

-la costosa vergüenza en la Estrella de Van Maanen fue solo la proverbial gota que colmó el vaso antes de llegar a la criticidad. La indignación pública a todos los niveles condujo a la apertura de una investigación sobre altos cargos... ERROR // -no daremos marcha atrás, nunca nos retiraremos. Desde el Cinturón de Orión hasta la Frontera de Polaris, desde... ERROR FATAL DE ACCESO // 

Este TriPad no está autorizado a proporcionar una descripción adicional para el ID de producto solicitado. Actualice su nivel de permiso de datos en conformidad con las Normas de Seguridad de la Información del Dominio.",,,,,
overseer_unit,SHIP,"Resultado más cercano encontrado en el archivo para el crucero de apoyo fronterizo de clase «Fulgurite», con un 53,03% de confianza. Consultando la base de datos... «Una obra maestra del diseño de los Astilleros Orion en el éxodo posterior a la ""Edad Esmeralda"", esta plataforma utilitaria de clasificación fronteriza contaba con un emisor de microondas montado en la columna vertebral modulado para la comunicación de órbita a... ALERTA DE ADVERTENCIA DE VIOLACIÓN DE UMBRAL INFOSEC DEL DOMINIO
// reiniciando transmisión de datos...

-y ella dijo: «¡Que florezcan las forjas en nuestro Dominio Humano; que así se corone en la riqueza y la gloria de mil estrellas!» Aunque la cita se atribuye a... ERROR // -el Núcleo Terrano a la Región de Sadr, ¡nuestros grupos de combate están listos para proteger nuestro modo de vida, nuestra propia existencia!» ERROR FATAL DE ACCESO //

Este TriPad no está autorizado a proporcionar una descripción adicional para el ID de producto solicitado. Actualice su nivel de permiso de datos en conformidad con las Normas de Seguridad de la Información del Dominio.",,,,,
assault_unit,SHIP,"Resultado más cercano encontrado en el archivo para el destructor de clase «Erebid» (recategorizado), con un 43,87% de confianza. Consultando la base de datos... «El mando de la Armada, la mayoría de cuyos miembros escapó de la persecución directa a través de la «Ola Gris», que provocó la dimisión de casi cuatrocientos altos mandos de...» ALERTA DE ADVERTENCIA DE VIOLACIÓN DE UMBRAL INFOSEC DEL DOMINIO
// reiniciando transmisión de datos...

-de las Reformas Interestelares de Garantía de Calidad y Diseño —una serie de leyes aprobadas a lo largo de una docena de ciclos por el órgano representativo del Dominio Humano y así denominadas únicamente por historiadores posteriores— que constituyen la base legal para la aplicación generalizada de la gestión de derechos de fabricación (en adelante... ERROR FATAL DE ACCESO //

Este TriPad no está autorizado a proporcionar una descripción adicional para el ID de producto solicitado. Actualice su nivel de permiso de datos en conformidad con las Normas de Seguridad de la Información del Dominio.",,,,,
hive_unit,SHIP,"ERROR DE IDENTIFICACIÓN: El objetivo no coincide con ninguna clase de nave conocida en el registro del Dominio ni en referencias históricas. ¿Enviar datos para una entrada temporal? Procesando. ERROR // ALERTA DE ADVERTENCIA DE VIOLACIÓN DE UMBRAL INFOSEC DEL DOMINIO
// ¿Reintentar?
 Procesando. ERROR // ALERTA DE ADVERTENCIA DE VIOLACIÓN DE UMBRAL INFOSEC DEL DOMINIO
// ¿Reintentar?
 Procesando. ERROR // ALERTA DE ADVERTENCIA DE VIOLACIÓN DE UMBRAL INFOSEC DEL DOMINIO
// proceso fallido.

Póngase en contacto INMEDIATAMENTE con el departamento INFOSEC del Dominio para revisar el cumplimiento de las Normas de Seguridad de la Información del Dominio.",,,,,
standoff_unit,SHIP,"Resultado más cercano encontrado en el archivo para el casco de clase «Kardakes», con un 32,11% de confianza. Consultando la base de datos... «Inicialmente concebida para sustituir a la plataforma de armas balísticas pesadas con capacidad de asedio orbital de clase Hathoda, y posteriormente considerada una nave de guerra de clase capital por derecho propio antes de la orden de reclasificación del 4.º Esquema Revisado de la Armada del Dominio, la Kardakes se desplegó por primera vez en condiciones de combate durante la reconquista de la Insurrección de Eridani... ALERTA DE ADVERTENCIA DE VIOLACIÓN DE UMBRAL INFOSEC DEL DOMINIO
// reiniciando transmisión de datos...

-tecnología de «firmas» incrustadas a nivel nanoquímico por la propia nanoforja con efectos mínimos en la estructura general del... ERROR FATAL DE ACCESO // 

Este TriPad no está autorizado a proporcionar una descripción adicional para el ID de producto solicitado. Actualice su nivel de permiso de datos en conformidad con las Normas de Seguridad de la Información del Dominio.",,,,,
fabricator_unit,SHIP,"Resultado más cercano encontrado en el archivo para el casco del fabricante móvil de clase «Ilmari», con un 60,33% de confianza. Consultando... «A pesar del incidente con enormes víctimas mortales en Hipparcos durante el tercer ciclo de la 204.ª asamblea, este autor sostiene que se trató de un acto de error humano que rozaba la negligencia, más que de la automatización, lo que explica... ALERTA DE ADVERTENCIA DE VIOLACIÓN DE UMBRAL INFOSEC DEL DOMINIO
// reiniciando transmisión de datos... 

-base de fabricación de la frontera para adelantarse en el desarrollo de los sistemas recién añadidos a la Red de Portales, en particular- ERROR FATAL DE ACCESO //

Este TriPad no está autorizado a proporcionar una descripción adicional para el ID de producto solicitado. Actualice su nivel de permiso de datos en conformidad con las Normas de Seguridad de la Información del Dominio.",,,,,
attack_swarm,SHIP,"«Entre la telemetría de interceptación y el salvamento, nos vemos obligados a concluir que no existe una designación fija, ni identidad, para los elementos individuales del enjambre. Se definen únicamente por su función».

«Los componentes, subcomponentes e incluso estructuras más grandes desempeñan funciones intercambiables entre fragmentos, pero cada pieza muestra una forma única que se adapta in situ al conjunto principal. Es... la pesadilla de algún ingeniero loco».","- Desconocido, registro de audio encontrado en la periferia exterior",,,,
onslaught_mk1,SHIP,"Este es el venerable diseño, el precursor, el progenitor: el acorazado Onslaught Mk.I. Sus líneas resultan extrañas, incluso atávicas, a los ojos modernos. Fue creado para servir a la Armada del Dominio hace mucho tiempo contra alguna amenaza existencial ya olvidada, desvanecida con el tiempo y la propaganda. 

No carece de modificaciones: se ha aumentado la capacidad de combustible y se ha optimizado el primitivo hiperpropulsor integrado. No cuenta con sistema de escudos; en su lugar, esta nave monta dos enormes módulos de blindaje aplicados. Estos están pensados para ser retirados para su reparación tras sufrir daños en combate y sustituidos por repuestos guardados en el tren de logística. Se ha instalado una forma desconcertantemente robusta de automatización electromecánica en todos los subsistemas principales.

El brutal poder de la clase Onslaught, esgrimido por el Dominio Humano durante miles de ciclos, es evidente incluso en su forma primitiva.",,,,,
module_onslaught_armor_left,SHIP,"Una enorme pieza de blindaje adicional que se monta en el flanco izquierdo del Onslaught Mk.I, lo que permite a la nave atravesar un fuego enemigo increíblemente intenso para centrarse en su objetivo principal. El diseño modular se concibió originalmente para minimizar el tiempo de inactividad en los astilleros.",,,,,
module_onslaught_armor_right,SHIP,"Una enorme pieza de blindaje adicional que se monta en el flanco derecho del Onslaught Mk.I, lo que permite a la nave atravesar un fuego enemigo increíblemente intenso para centrarse en su objetivo principal. El diseño modular se concibió originalmente para minimizar el tiempo de inactividad en los astilleros.",,,,,
heavy_adjudicator,WEAPON,"Un enorme cañón antiaéreo de largo alcance. El Adjudicador Pesado debe integrarse en el casco del Onslaught Mk.I debido a la enorme masa de los sistemas de alimentación de munición y retroceso. Llena el espacio con una asombrosa tormenta de metralla a gran alcance: cualquier caza, misil o nave sin blindaje está condenado si se encuentra dentro de esta zona de muerte.

La pregunta sigue siendo: ¿para qué se diseñó un arma tan especializada antes del auge de la doctrina de los cazas de asalto compatibles con las forjas móviles?",,,,,
onslaught,SHIP,"Los acorazados de clase Onslaught, un diseño venerable, se crearon originalmente para servir a la Armada del Dominio hace mucho tiempo, antes del desarrollo de armas de asalto avanzadas, armas de energía modernas y sistemas de escudos. 

Cuando se lanzaron por primera vez desde el astillero orbital, su potencia de fuego y velocidad de ráfaga sin duda intimidaron a sistemas enteros. Algunos incluso dicen que se construyeron para combatir a los no humanos en una guerra ya olvidada. Mucho más tarde, los ingenieros de Astilleros Orion modificaron los planos para incluir un sistema de escudos, mejoraron el hiperpropulsor y reducieron la tripulación necesaria mediante la automatización y la ingeniería iterativa. Aunque existen planos más avanzados, el Onslaught sigue siendo el más fácil de fabricar debido a la brutal simplicidad de sus sistemas. 

Una nave diseñada sin tener en cuenta los escudos, construida para soportar un intenso bombardeo enemigo y realizar un asalto mientras protege a su tripulación, es muy apreciada por sus oficiales y tripulantes. Y puede sin duda realizar un ataque: el potencial balístico sin igual del Onslaught puede devastar flotas enteras en cuestión de minutos, siendo su único inconveniente la dependencia logística de la munición. 

Las tripulaciones del Onslaught se enorgullecen de servir en la clase que constituye la columna vertebral de la Armada de la Hegemonía.",,,,,
astral,SHIP,"Una nave capital tecnológicamente avanzada, el portaaviones de clase Astral proyecta una enorme potencia de fuego a través de sus numerosas escuadrones de naves de ataque.

Se considera que el casco de la clase Astral fue el epítome del diseño de portaaviones durante el final del Dominio, en los ciclos inmediatamente anteriores al Colapso. El casco está repleto de automatización integrada, núcleos IA y drones de mantenimiento que utilizan algoritmos militares avanzados para multiplicar la eficiencia en combate. El armamento defensivo suele consistir en torretas de defensa antiaérea respaldadas por misiles de largo alcance destinados a mantener la presión sobre los enemigos para evitar un combate cuerpo a cuerpo.

El verdadero poder de un Astral reside en la flexibilidad sin precedentes de su complementación de cazas. Casi cualquier nave enemiga puede ser eliminada rápidamente mediante el lanzamiento coordinado de un escuadrón de ágiles interceptores, bombarderos de asalto o cazas de apoyo. Las instalaciones automatizadas garantizan que los escuadrones que regresan sean reparados, rearmados y repuestos rápidamente tras la seguridad de la enorme matriz de emisores de escudo X-35. Según la doctrina, el portaaviones Astral nunca se despliega solo, ya que su blindaje ligero es vulnerable si el escudo X-35 se ve obligado a bajarse. El Astral, acompañado de un enjambre de escoltas, se sitúa mejor como el corazón de un destacamento especial de portaaviones capaz de someter planetas enteros y bloquear enormes volúmenes de espacio.

Entre las naves capitales más avanzadas tecnológicamente que operan en el actual Sector Perseo, son pocos los Astral que prestan servicio en la Armada de la Hegemonía debido a los elevados requisitos tecnológicos y a las preocupaciones en materia de seguridad. Los altos mandos de Tri-Tachyon y unos pocos almirantes privados, extraordinariamente ricos, a veces convierten al Astral en su nave insignia.",,,,,
atlas,SHIP,"Las naves de la clase Atlas son grandes plataformas de cargamento espaciales equipadas con una propulsión FTL y algunos sistemas defensivos. Este gigante puede acoplar cientos de contenedores a su casco y transportarlos con facilidad.

Aunque se suele utilizar para reabastecer de forma eficiente puestos avanzados enteros, el Atlas no es adecuada para los pequeños y rápidos viajes comerciales que constituyen el pilar del comercio en el sector. Su baja velocidad y su gran tamaño siempre atraen a invitados no deseados, desde curiosos que acuden a ver al coloso, hasta piratas que intentan inutilizar el cierre magnetogravitatorio de un contenedor, pasando por fanáticos Caminantes empeñados en destruirlo todo. No obstante, la Hegemonía hace un amplio uso de ellos, especialmente para descargar biomasa de los planetas agrícolas de forma estacional. Para este fin, la Hegemonía forma grandes convoyes de Atlas; estos están protegidos por cruceros militares que garantizan la seguridad del sustento de los ciudadanos de la Hegemonía.

El mando de un Atlas es un castigo poco común para los capaces, una mezcla desigual de aburrimiento que adormece el alma y terror abyecto, resultado de las rutas comerciales normales y los ataques piratas, respectivamente.",,,,,
conquest,SHIP,"El crucero de guerra de clase Conquista es la encarnación de la potencia de fuego concentrada. Desarrollada en el periodo inmediatamente anterior a la popularización de los cazas, esta clase prioriza la potencia de fuego y la velocidad por encima de la protección del blindaje.

Los estrategas navales espaciales de la época confiaban en que los nuevos sistemas de armas siempre superarían a los blindajes y escudos, y que, por lo tanto, eran la clave para ganar un enfrentamiento. Entonces, ¿por qué no construir una nave que priorizara la velocidad y la potencia? Dotarla de la protección de un crucero, pero armarla con las mejores armas disponibles para cualquier nave, y hacer que fuera más rápida que cualquiera de esas gigantescas y pesadas naves de línea. La nave Conquista es un buen ejemplo de estos conceptos plasmados en un casco. Se incorporaron muchas otras tecnologías avanzadas al diseño, incluyendo soportes de armas diseñados para un enfrentamiento en círculos. Esta maniobra requiere una mayor habilidad de navegación, al mismo tiempo que proporciona más opciones tácticas a los oficiales que están al mando. 

La fortuna favorece a los audaces, decían los antiguos. Esta clase de naves favorece, en efecto, al capitán audaz, dispuesto a arriesgarlo todo por la emoción de la victoria.",,,,,
paragon,SHIP,"La cúspide de los diseños de acorazados del Dominio, aunque quizá menos como resultado de una necesidad militar y más de las ambiciones de ciertos altos mandos estratégicos de la Armada del Dominio, con un respaldo considerable de la Corporación Tri-Tachyon, entre otros importantes contratistas.

Ninguna nave puede superar en resistencia o potencia de fuego a la clase Paragón, un auténtico leviatán de una época pasada.",,,,,
odyssey,SHIP,"El diseño asimétrico y esferoidal oculta el poder de este crucero de guerra. El casco básico presenta una configuración que favorece las armas de energía pesadas y la movilidad. La capacidad de un hangar de dos escuadrones complementa las opciones tácticas.

La Odisea fue considerado un diseño despilfarrador por el Comité de Adquisiciones Navales del Dominio, que planteó numerosas objeciones: falta de un enfoque táctico definido, salas de oficiales demasiado grandes, red de energía que utiliza únicamente componentes de primera calidad y accesorios demasiado caros. A pesar de varias rondas de sobrecostes presupuestarios exorbitantes y rumores de un escándalo de soborno, el contrato de producción solo fue denegado antes de las pruebas finales del prototipo. Siempre dispuesta a no dejar pasar una oportunidad rentable, Altair Exotech concedió la licencia de la clase Odisea a varias corporaciones de desarrollo fronterizo, incluida Eridani-Utopia, para proporcionar cuarteles generales de sondeo móviles y plataformas de operaciones admirablemente armadas. Es por este papel en la explotación de las fronteras por parte de las megacorporaciones por lo que la clase Odisea, por lo demás poco común, llegó al Sector Perseo.",,,,,
dominator,SHIP,"Pesada y amenazante, la clase Dominador es uno de los cruceros de defensa del sistema más extendidos en el espacio de la Hegemonía. 

Aunque no es el casco más avanzado tecnológicamente, se basa en una gran cantidad de anclajes fijos balísticos para cumplir su misión, que suele consistir en defender instalaciones orbitales y puntos vitales de las rutas comerciales intra-sistema. Un emisor de escudos deficiente, difícil de manejar y, por lo tanto, que rara vez entra en enfrentamiento, da paso a un sistema de cinturón de blindaje entrelazado casi inexpugnable que protege al Dominador de la mayoría de armas. Ni siquiera las naves de asalto pueden superar la lluvia de proyectiles que se lanzan para interceptar sus cargas útiles. Este casco demuestra que la ingeniería militar probada y contrastada es difícil de superar con nuevas ideas y tecnologías, especialmente cuando está en manos de tripulaciones tenaces y decididas y de oficiales experimentados.

Fiable, duradero y con una presencia constante en el espacio natal alrededor de planetas civilizados y puestos avanzados, el Dominador es quizás el más odiado y temido por los piratas y los agentes corporativos que infringen la ley. ",,,,,
aurora,SHIP,"El crucero de clase Aurora es una maravilla tecnológica, poco común entre las flotas de guerra contemporáneas. Es uno de los cruceros más rápidos y maniobrables del Sector, y también uno de los más seguros, siempre que se utilice con sensatez su generador de escudos, inusualmente eficiente, y se eviten los ataques por los flancos.

Uno no puede sino preguntarse qué podría lograr la Armada del Dominio con una flota de estas naves elegantes, asimétricas y eminentemente eficaces. Los escudos están respaldados por sistemas de disipación de flux hiperavanzados instalados por todo el casco, lo que proporciona al Aurora una gran reserva de flux.

La mayoría de los planos necesarios para fabricar naves de clase Aurora son secretos corporativos celosamente guardados, pero algunas también han prestado servicio en flotas Tri-Tachyon y, en raras ocasiones, pueden encontrarse en las flotas de capitanes mercenarios emprendedores.",,,,,
apogee,SHIP,"La nave de clase Apogeo es una eficaz combinación de tecnologías científicas y militares avanzadas, perfecta para la exploración de largo alcance en espacios hostiles. 

La clase presenta un diseño asimétrico con una gran sección de proa, normalmente equipada con escáneres tecnológicos de largo alcance. Los capitanes de Apogeos están acostumbrados a operar en solitario y suelen ser personas independientes y autosuficientes. 

La nave puede defenderse en enfrentamientos uno contra uno gracias al uso inteligente de su potente emisor de escudos y sus robustos motores. Sin embargo, su índice de blindaje la hace parecer algo frágil sobre el papel, por lo que rara vez forma parte de grandes operaciones de flota.

Los elevados costes de construcción suelen significar que solo los consorcios mineros tecnológicos adinerados pueden permitirse una nave de clase Apogeo totalmente equipada para desempeñar un papel exploratorio agresivo.",,,,,
venture,SHIP,"Resistentes, fiables y no excesivamente caras, las naves de la clase Ventura suelen ser adquiridas por corporaciones privadas para tareas de escolta o reacondicionadas por pequeños planetas no alineados para la defensa del sistema.

Las naves de clase Ventura son quizás los cruceros civiles más utilizados en el Sector. Los planos de Venturas están ampliamente disponibles y a menudo se pueden conseguir sin mucha dificultad. 

Cuando las utilizan pequeñas corporaciones, la nave suele ser el orgullo de la flota y se emplea para respaldar operaciones vitales. Debido a su omnipresencia, la nave también presta servicio en bastantes bandas piratas, donde a veces desempeña el papel de nave de mando.","Resistente y fiable, la Ventura suele estar equipada con un buen armamento de misiles, pero carece de la capacidad de daño sostenido necesaria para desenvolverse bien en enfrentamientos prolongados. Una bahía de drones mineros integrada proporciona defensas adicionales, lo cual es especialmente útil porque los generadores de energía de grado civil hacen que los escudos sean fáciles de sobrepasar.",,,,
eagle,SHIP,"Los cruceros de clase Águila suelen encontrarse en el núcleo de las flotas militares que se dirigen al combate. No es difícil ver por qué: con un perfil general sólido y un motor robusto, el letal armamento del Águila supone una amenaza para todos los enemigos.

El Águila puede asestar un fuerte golpe táctico a las formaciones enemigas. Sus numerosas torretas y anclajes fijos lo hacen muy peligroso para los enemigos más pequeños. Un blindaje decente y un potente emisor de escudos le permiten mantener su posición en el espacio incluso cuando se encuentra en inferioridad numérica, o incluso cuando se enfrenta a alguna de las escasas naves de mayor tamaño. 

Estas fortalezas se ven contrarrestadas en cierta medida por las naves de asalto: un capitán de Águila debe vigilar constantemente sus visores ante la aproximación de un escuadrón, ya que su nave quedará fácilmente inutilizada por múltiples impactos de las modernas armas de asalto. 

Las naves de clase Águila, encarnación del elegante y poderoso crucero espacial de la época del Dominio, son un hermoso recordatorio de los logros tecnológicos y estéticos del pasado de la humanidad. ","Ágil para ser un crucero, el Águila es difícil de flanquear y cuenta con una impresionante y concentrada potencia de fuego frontal.",,,,
falcon,SHIP,"A menudo denominado el hermano pequeño del crucero Águila, el crucero de clase Halcón sacrifica el blindaje en favor de la velocidad, desempeñando a la perfección el papel de crucero ligero en las flotas militares de todo el Sector. 

Sin embargo, la designación «ligero» no indica una reducción significativa de la potencia de fuego, lo que convierte al Halcón en un valioso activo táctico para cualquier flota. La nave es capaz de desempeñar fácilmente una amplia variedad de funciones, desde el apoyo cercano hasta el asalto, siempre que se le dote de la configuración adecuada. 

Los motores de primera categoría del Halcón le otorgan la capacidad de retirarse rápidamente del combate en caso de que sus defensas se vean presionadas hasta un punto crítico.

Ágiles y elegantes, los cruceros de clase Halcón suelen encontrarse como elementos de vanguardia en formaciones de flotas más grandes, o desplegados para reforzar convoyes antipiratería.","Este crucero ligero cuenta con una movilidad que deja en ridículo a naves más pequeñas, pero su potencia de fuego es algo escasa. Sin embargo, el Halcón sigue siendo capaz de enfrentarse a naves más pequeñas gracias a sus generadores de energía y blindaje de grado crucero.",,,,
medusa,SHIP,"Una nave temible cuyos motores de primera categoría proporcionan una gran velocidad y maniobrabilidad para un destructor. Las múltiples ranuras para armas de energía permiten una gran variedad de posibilidades tácticas. Su rendimiento, el mejor de su clase, va acompañado de un perfil logístico exigente que ha llevado a algunos comandantes de flota a descartar su uso en favor de naves que pueden desplegarse con mayor frecuencia y a un menor coste.

La Medusa es uno de los destructores más respetados del Sector debido a su asociación con operaciones encubiertas y piratas de élite, y los pocos astronautas que han formado parte de la tripulación de una Medusa pueden dar fe de su sofisticación tecnológica.

Los planos de la clase Medusa son escasos y sus propietarios los guardan celosamente; los piratas solo han conseguido hacerse con un casco de clase Medusa en contadas ocasiones y los resultados fueron, inevitablemente, drásticos, aunque de corta duración: una amenaza para las patrullas locales y la consiguiente reducción del volumen de transporte de naves intrasistémicas de pequeño a mediano tamaño. Tales sucesos se consideran una enorme molestia, sobre todo teniendo en cuenta el aumento de las primas de seguro. Muchas corporaciones comerciales simplemente ordenan a sus flotas que esperen a que los piratas agoten la capacidad de combate de su nuevo juguete, de modo que las autoridades locales puedan eliminar el problema de una vez por todas.",,,,,
shrike,SHIP,"Un destructor ligero de ataque rápido avanzado del mismo equipo de diseño que el casi omnipresente Lobo, el avanzado sistema de propulsión del Shrike está diseñado para realizar la ventilación de plasma de forma selectiva en una maniobra de «microquema». Esto permite al Shrike lanzarse a aprovechar oportunidades tácticas en cuanto surgen, realizar un asalto y escapar antes de que se organice un contraataque en condiciones. Los escudos, el blindaje y la capacidad de flux sostenido son algo decepcionantes debido a la necesidad de construir un casco ligero pero económico que priorice la velocidad de ataque, lo que ha llevado al Shrike a ganarse la reputación de ser un «cañón de cristal» que es mejor confiar a capitanes expertos.

Se sabe que ciertos elementos estructurales únicos del sistema de ventilación de plasma, con el desgaste, se corroen en atmósferas ricas en oxígeno, por lo que hay que tener cuidado de volver a aplicar el recubrimiento de ceramopolímero en cada revisión del casco.",,,,,
mule,SHIP,"La Mula es un carguero robusto y fiable, apto para el combate, que se labró su reputación en las fronteras escasamente patrulladas del Dominio. Tras el Colapso, el atractivo de la clase Mula no ha hecho más que crecer debido a los ciclos de caos que azotan el Sector Perseo, lo que ha elevado la necesidad de un blindaje resistente y armas potentes entre comerciantes, chatarreros y buscadores de minerales, por lo demás ahorradores.

El diseño original designaba oficialmente su torreta mediana como un «punto de acoplamiento utilitario de minería con cardán», e incluso los operadores del Dominio de antaño sabían leer entre líneas: sin escolta, la clase Mula tiene suficiente potencia como para hacer que los piratas se lo piensen dos veces antes de atacar. Por supuesto, esto también significa que la Mula se ha convertido en el vehículo ideal para que una tripulación civil en horas bajas o simplemente oportunista se convierta ella misma en pirata.",,,,,
buffalo2,SHIP,"Una clase derivada, basada en el carguero Búfalo. Las modificaciones incluyen la incorporación de generadores de energía de grado militar, blindaje pesado y propulsores de maniobra, así como la eliminación del emisor de escudo Mk. I y la mayoría de las bodegas de carga.

El Sector es violento e impredecible, y a menudo estallan conflictos por el más mínimo recurso o por lo que se percibe como un desaire. En tales situaciones, las naves de grado militar a veces no están disponibles con la suficiente rapidez. Por ello, los ingenieros ingeniosos recurren a modificaciones del casco para poder satisfacer la demanda de material bélico.

El casco base de este destructor es un carguero estándar de clase Búfalo; sin embargo, debido al alcance de la conversión del casco, el Búfalo Mk. II se considera una clase aparte. El resultado es una nave de combate capaz de defenderse por sí misma y contraatacar con fuerza, especialmente si cuenta con la protección adecuada frente a asaltos y cascos más pesados. La configuración poco ortodoxa de las armas suele dar lugar a formaciones de flota únicas, y las modificaciones del casco a menudo implican que no hay dos Búfalo Mk. II exactamente iguales.

Las tácticas empleadas por un capitán del Búfalo Mk. II variarán tanto como la configuración de su casco, pero rara vez implican enfrentarse cara a cara con algo más pesado que una fragata debido a la falta de un generador de escudos y de emplazamientos para armas de energía. Los planes de combate suelen incluir una estrategia de «un solo golpe» que nunca funciona dos veces con el mismo enemigo, lo cual le parece perfectamente bien a la tripulación del Búfalo Mk. II.",,,,,
valkyrie,SHIP,"La Valquiria es una nave de transporte de tropas estándar del tamaño de un destructor, con capacidad suficiente para transportar a dos compañías de marines. Tácticamente débil para su tamaño, ya que solo es capaz de defenderse a corto alcance de misiles y cazas.

Como nave de combate capaz de volar en atmósfera y equipada con soportes para armas de apoyo terrestre diseñadas para operar durante la reentrada y una vez en tierra, la Valquiria se utiliza a menudo para el despliegue de apoyo de infantería pesada en asaltos tecnológicos en planetas descivilizados. 

La capacidad de transportar grandes cantidades de tropas directamente a objetivos terrestres mientras proporciona apoyo de fuego llevó a los burócratas de la Hegemonía a designar el casco como «restringido» para su venta a terceros. Naturalmente, la noticia de la restricción llegó a los medios de comunicación antes de que entrara en vigor, lo que desencadenó especulaciones desafortunadas sobre los futuros precios de esta clase. Así, la sobreproducción y las limitadas opciones del casco hicieron que las apuestas de los especuladores resultaran en gran medida irrelevantes; el único resultado neto es que ahora, debido al exceso de oferta, es tan fácil conseguir una nave Valquiria como lo era antes de que se hiciera pública la noticia de la prohibición de la Hegemonía.",,,,,
tarsus,SHIP,"Las naves de clase Tarso son bien conocidas por ser quizás los cargueros más flexibles y duraderos del Sector. 

El secreto de su fiabilidad radica en que los diseñadores del Dominio las concibieron como naves para misiones de riesgo, presumiblemente para abastecer a las fronteras y a aquellas flotas de primera línea enviadas a sofocar el siempre presente murmullo de insurrección en los confines del Dominio.

Casi inigualables entre las naves civiles en cuanto a densidad estructural de los tabiques e índice de blindaje, a los cargueros de clase Tarso se les confían transportes importantes y suelen viajar en convoyes, lo que refuerza aún más la seguridad que ofrecen a su tripulación y a su cargamento.

Los soportes de armas mínimos permiten a la nave montar un paquete nominal de armas DA. En raras ocasiones, las naves de clase Tarso se equipan con modificaciones orientadas al combate que refuerzan el casco o el blindaje, lo que las hace más difíciles de mantener.",,,,,
gemini,SHIP,"Un carguero común, que se encuentra en convoyes o en solitario, utilizado para transportar todo tipo de mercancías por todo el Sector. Cuenta con una única bahía de cazas para reforzar las defensas.

El diseño del carguero de clase Gemini es altamente modular, lo que permite a la nave desempeñar diversas funciones tanto en combate como fuera de él. Todo el contenedor de cargamento está diseñado en torno a un mecanismo de liberación rápida que permite al casco principal de la nave atracar rápidamente en puerto, desmontar su sección de cargamento completa e intercambiarla por otro contenedor de tipo Gemini en cuestión de minutos. Además, los múltiples soportes para armas medianas convierten a la Gemini en una plataforma viable de apoyo de fuego a larga distancia. La cubierta de despegue es diminuta, concebida originalmente para la reparación de drones mineros u operaciones mineras peligrosas. El uso moderno en el Sector amplía las instalaciones de la cubierta de despegue a todos los tipos de cazas.

Aunque impresionante en los planos, la falta de contenedores vacíos y compatibles de tipo Gemini en el Sector hace que la utilidad real del mecanismo de liberación rápida sea insignificante. La modularidad, una gran ventaja en el pasado, también es más propensa al desgaste y, por lo tanto, su mantenimiento resulta más caro; la mayoría de los ejemplos funcionales de estos mecanismos se han soldado de forma permanente. No obstante, un perfil general decente, la cubierta de despegue, un núcleo de energía flexible y buenos escudos hacen del Gemini una buena opción para el cargamento, si se puede asumir el coste.",,,,,
shuttlepod,SHIP,"Una pequeña y ágil lanzadera de transporte de personal, suficiente para transportar a los altos mandos del puente de cualquier nave del Sector.",,,,,
buffalo,SHIP,"La opción preferida para el transporte de cargamento medio en el Sector, el carguero de clase Búfalo ejemplifica el principio de «cargar y rezar» que prevalece en el transporte espacial del Sector.

Con un único emplazamiento de armas pequeño, el casco de la nave no es más que un gran motor con una minúscula sección de camarotes para la tripulación y garfios de carga. Un capitán que saque esta nave sin escolta rara vez comete el mismo error dos veces. Incapaces de realizar nada que se parezca a una maniobra de combate, los propulsores laterales de las naves de clase Búfalo están diseñados simplemente para permitir el atraque cuando (y si) llegan a su destino.

Los motores de la nave son el mayor factor que contribuye al coste del casco que, aunque bajo, sigue estando dentro de la norma para un carguero mediano. El factor que más contribuye a su omnipresencia es el hecho de que los planos de esta nave suelen estar preconfigurados en la base de datos de planos de todos los astilleros orbitales.",,,,,
enforcer,SHIP,"Las naves de clase Impositor suelen desempeñar funciones de defensa de sistemas o convoyes. El diseño cuenta con un buen blindaje y múltiples anclajes fijos balísticos, mientras que el rendimiento de los escudos es algo decepcionante. 

Los planos de la nave requieren muchos componentes similares a los que se encuentran en los acorazados de clase Onslaught, lo que sugiere que los diseños se crearon durante un periodo similar de expansión militar en el Dominio. La clase Impositor presenta opciones de diseño de sistemas de armas igualmente prácticas, tabiques resistentes y goza de buena reputación entre sus tripulaciones.

Difícil de vencer en un combate entre destructores, el Impositor rara vez participa en batallas a gran escala debido a la opinión generalizada de que su baja velocidad lo convierte en un lastre. No obstante, las doctrinas de orden de batalla de la Hegemonía exigen una escuadra de Impositor adscrita como pantalla para los acorazados de la clase Onslaught. La facilidad logística con la que ambos tipos de naves pueden utilizar componentes compartidos es precisamente el tipo de detalle que entusiasma a los burócratas logísticos de la Hegemonía.",,,,,
condor,SHIP,"La clase Cóndor presta un servicio intensivo en el Sector, ya que este carguero reconvertido en portaaviones es, para muchos regímenes independientes, la forma más fácil de dotarse de capacidad de cazas para su organización. Incluso con un espacio limitado en la cubierta de despegue, el Cóndor cumple con su cometido, gracias a su blindaje pesado, la excelente solidez de sus tabiques y un paquete de armas respetable (para un portaaviones ligero).

Este diseño de portaaviones ligero deriva de los cargueros de clase Tarso modificados por carroñeros y piratas desesperados. El proceso de conversión fue en su día un asunto complicado y complejo que requería instalaciones de muelle espacial, pero hoy en día cualquier taller de construcción naval capaz de trabajar con cascos que acepte una especificación Tarso estándar, con la adición de un chip de modificación personalizado, te proporcionará algo igual de bueno.

Algunos en el Sector sostienen que incluso el Dominio, con todo su conocimiento tecnológico, recurrió a conversiones similares para hacer un uso más eficiente de la flota mercante durante los periodos de hostilidades intensificadas en la extensa frontera galáctica. Otros señalan que no está claro cuán generalizado fue este enfoque: podría haber habido flotas de Cóndores surcando el espacio del Dominio, pero hay escasas pruebas fehacientes en un sentido u otro. Todos esos datos se perdieron en el Colapso.",,,,,
sunder,SHIP,"Un destructor avanzado pero frágil, heredero de la era ascendente de la «Escuela de Cruceros» de mediados y finales del Dominio Humano, la clase Sunder fue diseñada para proporcionar un complemento de potencia de fuego pesada durante las acciones combinadas de flotas de largo alcance de la Armada del Dominio, dispersa en un amplio territorio.

Ideal para formar parte de un destacamento especial mixto con escoltas, el Sunder cuenta con potentes armas frontales, pero sus capacidades defensivas son limitadas, lo que lo hace vulnerable a las naves de ataque y a los asaltos por los flancos de fragatas de gran velocidad.",,,,,
hammerhead,SHIP,"Un destructor de media tecnología de la edad de oro del Dominio, el Cabezamartillo es respetado tanto por su resistencia en combate como por sus capacidades balísticas.",,,,,
phaeton,SHIP,Un petrolero mediano con capacidad de combustible suficiente para abastecer a una flota más grande. El servicio en petroleros se considera a menudo un castigo en la Hegemonía: hay pocas oportunidades de distinguirse y menos posibilidades de sobrevivir en caso de contacto directo con el enemigo.,,,,,
crig,SHIP,"Diseñada originalmente para ayudar en el montaje de grandes naves e instalaciones orbitales, la grúa y los manipuladores de la grúa de salvamento se utilizan para recuperar cascos derelictos y rebuscar material útil en los campos de escombros y restos. La grúa en sí no tiene capacidad de cargamento ni de combustible y requiere un amplio suministro para su mantenimiento. Aumenta el salvamento no bélico obtenido, y las operaciones más difíciles pueden hacer uso de más grúas.",,,,,
prometheus,SHIP,"Un petrolero de gran capacidad utilizado para transportar cantidades estratégicas de combustible entre planetas. A diferencia de sus primos más pequeños, el Prometeo cuenta con un arsenal defensivo razonable para proteger su valioso y volátil cargamento.",,,,,
monitor,SHIP,"Una rareza entre las naves, el Monitor es el resultado de la línea de pensamiento de que «a veces, la mejor defensa es, de hecho, la mejor defensa». Cuenta con torretas anguladas para proporcionar amplios arcos de fuego y una modificación única de «derivación de flux» en sus sistemas de energía, construida especialmente para aliviar el flux generado por los escudos. De hecho, el Monitor compensa su falta de maniobrabilidad y potencia de fuego con la capacidad de soportar bombardeos prolongados del armamento enemigo.

Aunque su carácter experimental es quizás un indicio de la innovación que las épocas de agitación parecen inspirar, sigue siendo objeto de controversia si el enfoque defensivo radical del Monitor es una ventaja o un inconveniente. Los representantes de relaciones públicas de Ko Combine atribuyeron varios fracasos dramáticos en las patrullas de protección de convoyes a tácticas inadecuadas empleadas por los comandantes de los convoyes. Ko Combine sostiene que, cuando se posiciona correctamente en una situación de combate y cuenta con el apoyo de naves de asalto —así como el yunque y su martillo, respectivamente—, las simulaciones demuestran que el Monitor mejora significativamente la supervivencia de los convoyes frente a un ataque pirata medio. Siguen existiendo críticos destacados.",,,,,
cerberus,SHIP,"El Cerbero es apreciado por ofrecer un equilibrio rentable entre capacidad de carga y suficiente potencia de combate para su tamaño como para disuadir la piratería ocasional, con el feliz resultado de unas tarifas de seguro más bajas en comparación con los cargueros civiles estándar de la era del Dominio. El Cerbero se considera ahora ampliamente una elección acertada para los comerciantes independientes del Sector. 

En tiempos pasados, antes de la caída del sistema de portales cuando reinaba la autoridad del Dominio, los cargueros con capacidad de combate como el Cerbero solo encontraban un uso especializado en los márgenes de las escasas zonas de guerra o en las zonas del interior de la galaxia especialmente incivilizadas, donde las patrullas de la Armada del Dominio se veían muy dispersas. El entrenamiento de combate de la tripulación, el mantenimiento de las armas y la pérdida de la relación masa/empuje causada por un blindaje pesado se consideraban gastos generales innecesarios. Pero esta es una nueva era llena tanto de peligros como de oportunidades lucrativas; las capacidades del Cerbero han dado al casco una nueva vida en las rutas comerciales.",,,,,
heron,SHIP,"El crucero Garza ofrece la movilidad estratégica y táctica de un crucero con una potencia de fuego potencial limitada únicamente por las naves de asalto disponibles. Es el complemento perfecto para la flota ágil y contundente de un almirante que sabe cuándo tomar la iniciativa, atacar con rapidez y retirarse mientras las fuerzas enemigas aún están respondiendo a la amenaza.

Históricamente, la Garza representó un cambio en la estrategia de la Armada del Dominio, pasando de una doctrina de naves capitales pesadas basada en una potencia de fuego abrumadora a un enfoque centrado en naves de asalto y cruceros de apoyo que permiten concentrar rápidamente suficiente potencia de fuego en los puntos débiles; un giro estratégico que se revertiría como reacción natural contra la tradición por parte de cada generación sucesiva de oficiales de la Armada. Este proceso se estaba produciendo una vez más en los ciclos inmediatamente anteriores a la caída del sistema de portales y, en lo que supuso una especie de golpe de efecto para la denominada «Escuela de Cruceros», la vanguardista Altair Exotech se adjudicó el contrato de diseño de la Garza frente al fabricante tradicional de naves de guerra pesadas de la Armada, Astilleros Orion.

Sin embargo, el cambio doctrinal encarnado por la Garza se vio interrumpido por el aislamiento de La Caída, por lo que no es habitual encontrarlo en las flotas principales de la Hegemonía (cuyos oficiales siguen aferrados a la tradición). No obstante, este casco ha gozado de gran popularidad entre los planetas independientes, las megacorporaciones y las fuerzas mercenarias del Sector, que suelen desplegar flotas más ágiles y rápidas.",,,,,
drover,SHIP,"El Drover es un casco diseñado por el Comité de Adquisiciones Navales del Dominio, dominado por la «Escuela de Cruceros», para proporcionar una plataforma de caza estratégicamente versátil (aunque tácticamente limitada) con bajos costes logísticos.

El contrato para el diseño del Drover lo ganó Astilleros Orion, el tradicional constructor naval de la Armada, en un esfuerzo por recuperar la cuota de mercado perdida frente a los nuevos productores navales. El resultado fue la «pista de aterrizaje voladora», denostada por los oficiales del Dominio como un mando más propio de un burócrata logístico que de un capitán de nave de combate. Las quejas de las filas inferiores fueron utilizadas por la antigua facción de la «Escuela Capital» para devolver el Drover al comité, alegando que la potencia de fuego de la clase de naves era insuficiente para cumplir las directrices estándar (que no tenían en cuenta el potencial de asalto de las nuevas clases de cazas). Con el objetivo de asumir la culpa por el enorme sobrecoste, la comisión se limitó a ordenar la instalación de cuatro pequeños anclajes fijos para misiles. Esto satisfizo holgadamente los requisitos de potencia de fuego y permitió que el programa Drover siguiera adelante con solo modificaciones menores.",,,,,
hermes,SHIP,"El Hermes es un pequeño y fiable carguero que a menudo se reconvierte para tareas de transporte entre los planetas fronterizos más pobres. Sus instalaciones para la tripulación y los pasajeros se describen generosamente como «robustas», pero consigue cumplir con su cometido con notable consistencia a pesar de las primitivas instalaciones de mantenimiento a las que acude.

De serie, el Hermes está armado únicamente para la «evitación activa de colisiones», pero su sistema de torretas suele mejorarse para lograr una cobertura de defensa antiaérea casi completa, aunque ligera, capaz de destruir misiles errantes mientras se escapa de zonas de combate activo. Esta potencia de fuego es escasa en comparación con las naves de combate especializadas, por lo que solo un capitán loco o verdaderamente desesperado emplearía al Hermes en combate de primera línea.",,,,,
ox,SHIP,"El remolcador de clase Ox lleva un estabilizador del campo de propulsión que permite a una flota alcanzar un nivel de propulsión más alto. Sin embargo, es raro ver más de uno o dos de estos en una flota, debido al prohibitivo consumo de combustible y a los elevados costes de mantenimiento.",,,,,
dram,SHIP,Un petrolero ligero con capacidad de combustible suficiente para más que duplicar el alcance efectivo de un destacamento especial o un convoy.,,,,,
vigilance,SHIP,"Excelente fragata para hostigar y apoyar, la clase Vigilancia cuenta con soportes híbridos y de misiles de gran tamaño (para su clase). Aunque destaca en el contexto de una flota, puede verse fácilmente abrumada por un gran número de amenazas más pequeñas.",,,,,
brawler,SHIP,"La fragata de clase Luchador, que suele desplegarse para reforzar las fuerzas policiales del sistema y la seguridad de las autoridades portuarias, presenta un diseño robusto que sacrifica la movilidad (y la comodidad) a cambio de una impresionante potencia de fuego, blindaje y un generador de energía de nivel destructor.",,,,,
tempest,SHIP,"Con un diseño asimétrico y avanzado de finales de la época de la Expansión, la clase Tempestad es la fragata de ataque por excelencia: rápida, letal y difícil de destruir.",,,,,
omen,SHIP,La Omen rara vez se despliega debido al coste que supone el mantenimiento de una nave tan tecnológicamente avanzada. Sus excelentes escudos y el emisor de EMP que lleva a bordo la convierten en una escolta perfecta para naves más grandes.,,,,,
lasher,SHIP,"Favoritas de piratas y ejércitos privados debido a la ubicuidad de sus planos y a su perfil de apoyo poco exigente, las fragatas de clase Lasher cuentan con una potencia de fuego balística respetable.

Los capitanes de Lasher suelen ser tipos sensatos que dejan que sus armas hablen por sí mismas y rebuscan entre los restos de las naves enemigas en lugar de recurrir a medios más diplomáticos o encubiertos para cumplir su misión. La mayoría de las veces, esa misión consiste en realizar un asalto (o escoltar) rápido y eficaz contra convoyes comerciales de tamaño pequeño o mediano. Los cazas ligeros y las fragatas de escolta que suelen proteger dichos convoyes no son rival para la lluvia de proyectiles que un Lasher puede lanzar rápidamente. Si eso no basta, el Lasher tiene otra desagradable sorpresa preparada: dos anclajes fijos para misiles, equipados en la mayoría de los casos con misiles de «remate», como el Harpón MMD.",,,,,
mercury,SHIP,"Una de las naves más pequeñas del Sector equipadas con un actuador de hiperpropulsión a bordo, esta clase se utiliza normalmente para transportar de forma segura a personalidades importantes o mensajeros entre sistemas estelares.

Aunque pequeña, la clase Mercurio está equipada para la comodidad y seguridad de sus posibles pasajeros VIP. Es raro verla en combate; si un capitán tiene la mala suerte de encontrarse en tal situación, se entiende rápidamente por qué: la mayoría de los sistemas de energía a bordo están reservados para los módulos de soporte vital, confort y entretenimiento, instalados para garantizar que los pasajeros no se aburran en los largos viajes.",,,,,
hyperion,SHIP,"Una nave de combate de vanguardia construida en torno a un sistema único de teletransporte phase. La delicada red de energía integrada del prototipo es complicada y costosa de mantener, pero ofrece un excelente rendimiento de flux y escudos. El Hiperión fue construido para «dar un golpe de efecto», utilizando el posicionamiento táctico para elegir sus combates y luego entrar en un enfrentamiento con una configuración de armas relativamente pesada para su clase, montada a expensas de la capacidad de defensa antiaérea.

Considerado una «reina del hangar», el Hiperión es despreciado por los intendentes, pero apreciado por los directores de flota de Tri-Tachyon, que admiran la pureza de la ambición que se puede sentir en todo su diseño y aplicación.",,,,,
hound,SHIP,"Una clase de casco antigua pero resistente que carece de generador de escudos; esta fragata se utiliza con mayor frecuencia para transportar cargamentos, a menudo valiosos y, con frecuencia, ilegales. Un oficial afortunado o con talento podría hacer fortuna si se le diera la oportunidad de capitanear una.",,,,,
wolf,SHIP,"Una fragata tecnológicamente avanzada con un generador de escudos eficiente y un impresionante paquete de armas que le permite rendir muy por encima de su categoría. Estas mismas características hacen que su núcleo de energía de grado fragata tenga dificultades para seguir el ritmo, lo que convierte la gestión cuidadosa del flux en una prioridad.",,,,,
thunder,SHIP,"Extremadamente rápida, bien armada y con un largo alcance en los enfrentamientos, la fortaleza del Trueno reside en permitir a un portaaviones proyectar rápidamente su fuerza en la ubicación deseada. No es tan dañina como un bombardero ni tan resistente como un caza pesado, por lo que flaqueará si se ve obligada a un enfrentamiento prolongado.",,,,,
warthog,SHIP,"Con un blindaje magnífico y una potencia de fuego respetable, el Jabalí es capaz de intercambiar golpes con naves más grandes, pero carece de armas capaces de romper escudos. Un lanzador de señuelos ayuda a desviar el fuego de sus aliados más vulnerables.",,,,,
sarissa,SHIP,"Un modelo de caza defensivo antiguo pero fiable, su notable sistema de cohetes antiaéreos es eficaz tanto contra enjambres de misiles entrantes como contra los cascos ligeramente blindados de los cazas enemigos. Dos autocañones ligeros completan su potencial de combate, haciendo que las naves enemigas más grandes se lo piensen dos veces antes de atacar la nave nodriza del Sarisa.",,,,,
gladius,SHIP,"Rápido, letal y bien blindado, el Gladius destaca por mejorar tanto la potencia de fuego como la capacidad de supervivencia de los grupos de interceptores. Sin embargo, al enfrentarse a oponentes resistentes, el reducido número de naves en un escuadrón empieza a pasar factura.",,,,,
mining_drone,SHIP,"Robusto y sin tripulación, la vaina de minería puede proporcionar un poco de distracción y algo de apoyo de fuego, pero poco más. Incapaz de operar lejos de la nave nodriza.",,,,,
longbow,SHIP,"Rápido y equipado con un generador de escudos, la función del Arcolargo es realizar el despliegue de su misil cinético Sabot a distancia y regresar al portaaviones para rearmarse. Es más eficaz cuando su daño cinético, capaz de romper escudos, se combina con el de unidades que infligen un daño mayor.",,,,,
trident,SHIP,"Equipado con dos torpedos de clase Atropos y un generador de escudos de primera categoría, el Tridente es quizás el más temido de todos los bombarderos. Su eficacia se ve algo limitada por su baja velocidad máxima y su exigente perfil logístico.",,,,,
piranha,SHIP,"La Piraña realiza el despliegue de bombas convencionales sin propulsión en masa, confiando en el impulso para entregar la carga útil. El potencial de daño máximo es extremo, pero la mayoría de los objetivos pueden esquivar o derribar muchas de las bombas.",,,,,
broadsword,SHIP,"Resistente y ágil, el Espadón lleva un lanzador de señuelos que desvía el fuego defensivo de objetivos de gran valor, como los bombarderos y sus cargas. Sin embargo, puede flaquear si se ve en la necesidad de asestar él mismo el golpe mortal.",,,,,
xyphos,SHIP,"Fuertemente blindado y armado con armas de largo alcance, el Xiphos es muy eficaz en un papel de apoyo cercano. Su dependencia de la información de puntería y navegación proporcionada por naves más grandes significa que es incapaz de operar de forma independiente.",,,,,
wasp,SHIP,"Rápidos y ágiles, los drones Avispa suelen superar en número y rodear fácilmente a las formaciones de cazas enemigos, mientras que sus minas Stinger impiden que los rezagados logren atravesarlas. Ante armamento de defensa antiaérea, su fragilidad se hace patente, pero la ausencia de un piloto a bordo hace que las pérdidas sean más fáciles de absorber.",,,,,
dagger,SHIP,"Armado con un torpedo de gran poder destructivo, la Daga es frágil, pero está equipado con un generador de escudo que normalmente le permite situarse dentro del alcance de lanzamiento. Sin embargo, es poco probable que incluso una gran descarga de torpedos consiga atravesar el fuego concentrado de la defensa antiaérea sin una distracción.",,,,,
talon,SHIP,"Rápido y barato, la Garra cuenta con una potencia de fuego sorprendente y es capaz de eliminar cazas enemigos. También puede infligir un daño considerable a naves más grandes cuando se utiliza en masa, aunque tal uso suele provocar grandes pérdidas de pilotos.",,,,,
hoplon,SHIP,"El Jepesh puede lanzar una precisa y devastadora descarga de cohetes contra su objetivo. Más seguro y fiable a la hora de infligir daño que otros bombarderos, tampoco cuenta con el mismo potencial de daño.",,,,,
claw,SHIP,"Ágil y equipado con un generador de escudos de baja potencia, la Zarpa es principalmente un caza de apoyo. El daño EMP que inflige incapacita temporalmente a los objetivos con escudos débiles, pero es incapaz de infligir mucho daño permanente por sí solo.",,,,,
drone_borer,SHIP,"Lento y poco resistente, este dron minero modificado para el combate es, no obstante, capaz de mantener a los enemigos alejados de su nave nodriza durante un tiempo. Si se despliega en gran número, puede incluso suponer una amenaza creíble para naves de combate más pequeñas.",,,,,
drone_terminator,SHIP,"Un dron de defensa antiaérea construido en torno al temido analizador de objetivos Núcleo Terminator, que detecta puntos débiles transitorios en misiles y cazas con precisión infalible. Los rumores sobre que la IA del núcleo supera intermitentemente el nivel delta generalmente permitido durante situaciones de combate complejas siguen sin estar demostrados.",,,,,
doom,SHIP,"Diseñado cuando la tecnología phase era prácticamente desconocida y los detectores phase no formaban parte del equipamiento estándar de todos los paquetes de sensores, este crucero ha perdido la ventaja de la sorpresa, pero conserva una configuración de armas peligrosa y flexible. 

Algunos miembros de la tripulación especialmente sensibles han informado de ciertos fenómenos psicológicos inquietantes tras soportar numerosos y rápidos cambios phase en condiciones de combate. Los informes de la Armada del Dominio sobre el tema nunca se desclasificaron y se cree que se perdieron tras el Colapso.",,,,,
shade,SHIP,"La clase Sombra, la nave phase más pequeña que opera en el Sector, se utiliza a menudo como exploradora para flotas más grandes. En combate, los almirantes de flota la valoran por su capacidad para inutilizar naves enemigas con su emisor de EMP.",,,,,
afflictor,SHIP,"Una fragata phase peligrosa y veloz con una configuración de armas lo suficientemente potente como para derribar naves mucho más pesadas. El Aflictor posee un dispositivo que aprovecha una modificación única de su matriz de bobinas phase integrada para proyectar un campo de entropía amplificada de forma anómala. Esto provoca un aumento devastador de la inestabilidad destructiva en sistemas delicados o finamente calibrados cuando la nave objetivo sufre eventos caóticos de alta energía, es decir, daños de combate. Todo lo que puede salir mal, sale mal.",,,,,
harbinger,SHIP,"Un destructor phase letal, temido y despreciado por aquellas tripulaciones que han tenido la desgracia de enfrentarse a él en combate. El Heraldo posee un dispositivo que le permite inutilizar brevemente a las naves enemigas, creando oportunidades que él —o sus aliados— pueden aprovechar.

«La Corporación Tri-Tachyon niega las acusaciones de participación continua en experimentos phase, y mucho menos el —y cito textualmente— “desarrollo y operación clandestinos de naves de guerra phase”, lo que, por supuesto, constituiría una violación directa del Tratado de Thule. Es política de la empresa perseguir con todo el peso de la ley a las personas, entidades mercantiles, clados espirituales y cualquier régimen registrado que cometa difamación grave y flagrante, en la medida en que lo permita la jurisdicción local, de conformidad con los Acuerdos Comerciales del Sector del Ciclo 32 AC. Nuestro equipo legal se pondrá en contacto con vosotros».",,,,,
gremlin,SHIP,"Esta antigua plataforma prototipo phase nunca estuvo destinada a la producción en masa, pero alguien logró extraer sus planos de ingeniería inversa del firmware de una nanoforja. El esqueleto del casco resultante cuenta con un blindaje estándar, un módulo de soporte vital mínimo y tantos misiles como se puedan amontonar en los huecos restantes.

El Gremlin, como se le conoce, es odiado por su tripulación, que sufre no solo el dudoso honor de desempeñar un papel de asalto cercano, sino también la inquietante radiación de la bobina phase del prototipo. El abuso de sustancias es omnipresente. Una nave pequeña y horrible.",,,,,
bastillon,SHIP,"Aunque las máquinas de guerra automatizadas estaban prohibidas en el espacio central del Dominio, los drones de guerra se empleaban discretamente fuera del volumen oficialmente incorporado. Las guarniciones fronterizas solían reforzarse con naves dron, y estas se desplegaban sin miramientos contra los planetas rebeldes para inclinar la terrible balanza del desgaste, enfrentando el poderío industrial del Dominio contra las vidas de los «luchadores por la libertad».
  
El Bastillon fue un proyecto prometedor de Mbaye-Gogol para ampliar su popular dron de guerra de defensa antiaérea especializado de la clase «Defensor». Es más grande, más resistente, está más fuertemente armado... y resulta bastante más lucrativo por unidad para los resultados de MGA.",,,,,
berserker,SHIP,"Aunque las máquinas de guerra automatizadas estaban prohibidas en el espacio central del Dominio, los drones de guerra se empleaban discretamente fuera del volumen oficialmente incorporado. Las guarniciones fronterizas solían reforzarse con naves dron, y estas se desplegaban sin miramientos contra los planetas rebeldes para inclinar la terrible balanza del desgaste, enfrentando el poderío industrial del Dominio contra las vidas de los «luchadores por la libertad».

El Berserker es un primo de la clase Guardia considerablemente más grande, mejor armado y con mayor blindaje, diseñado para enfrentarse a una oposición más fuerte. Como dron automatizado, los algoritmos de combate del Berserker apenas tienen en cuenta su propia supervivencia, sino que persiguen y atacan a su objetivo sin descanso hasta que uno de los dos es destruido.",,,,,
defender,SHIP,"Aunque las máquinas de guerra automatizadas estaban prohibidas en el espacio central del Dominio, los drones de guerra se empleaban discretamente fuera del volumen oficialmente incorporado. Las guarniciones fronterizas solían reforzarse con naves dron, y estas se desplegaban sin miramientos contra los planetas rebeldes para inclinar la terrible balanza del desgaste, enfrentando el poderío industrial del Dominio contra las vidas de los «luchadores por la libertad».

El Defensor era uno de los drones de guerra más comunes utilizados por el Dominio, ya que se desplegaba para reforzar los convoyes fronterizos y los puestos avanzados vulnerables en una función de defensa antiaérea.",,,,,
sentry,SHIP,"Aunque las máquinas de guerra automatizadas estaban prohibidas en el espacio central del Dominio, los drones de guerra se empleaban discretamente fuera del volumen oficialmente incorporado. Las guarniciones fronterizas solían reforzarse con naves dron, y estas se desplegaban sin miramientos contra los planetas rebeldes para inclinar la terrible balanza del desgaste, enfrentando el poderío industrial del Dominio contra las vidas de los «luchadores por la libertad».

El dron de guerra Centinela está repleto de misiles y proporcionaba apoyo de fuego automatizado y barato a las patrullas fronterizas, que contaban con pocos efectivos.",,,,,
warden,SHIP,"Aunque las máquinas de guerra automatizadas estaban prohibidas en el espacio central del Dominio, los drones de combate se empleaban discretamente fuera del volumen oficialmente incorporado. Las guarniciones fronterizas solían reforzarse con naves dron, y estas se desplegaban sin miramientos contra los planetas rebeldes para inclinar la terrible balanza del desgaste, enfrentando el poderío industrial del Dominio contra las vidas de los «luchadores por la libertad».

El Guardia era temido y odiado por los piratas de la frontera del Dominio por la potencia de fuego relativamente elevada que descargaba sobre las naves sin escudos. A menudo denigrado en la propaganda ludita como una «máquina asesina» por la agresividad despiadada que mostraba cuando se activaba.",,,,,
picket,SHIP,"Aunque las máquinas de guerra automatizadas estaban prohibidas en el espacio central del Dominio, los drones de guerra se empleaban discretamente fuera del volumen oficialmente incorporado. Las guarniciones fronterizas solían reforzarse con naves dron, y estas se desplegaban sin miramientos contra los planetas rebeldes para inclinar la terrible balanza del desgaste, enfrentando el poderío industrial del Dominio contra las vidas de los «luchadores por la libertad».

Numerosas vulnerabilidades hacen que sea fácil subestimar al dron de clase Piquete, pero ¡ay del capitán que cometa este error! Si se permite que el Piquete siga su programación para acercarse agresivamente a su objetivo, desatará un volumen sorprendentemente denso de fuego de calibre ligero para destrozar cascos sin blindaje.",,,,,
rampart,SHIP,"Aunque las máquinas de guerra automatizadas estaban prohibidas en el espacio central del Dominio, los drones de guerra se empleaban discretamente fuera del volumen oficialmente incorporado. Las guarniciones fronterizas solían reforzarse con naves dron, y estas se desplegaban sin miramientos contra los planetas rebeldes para inclinar la terrible balanza del desgaste, enfrentando el poderío industrial del Dominio contra las vidas de los «luchadores por la libertad».

Poco más que una plataforma de artillería con motores, el Ramparte se unía a unidades de drones para proporcionar la potencia de fuego pesada necesaria para enfrentarse a cascos de cruceros y clase capital en la línea de combate o para romper fortalezas orbitales blindadas. En cualquiera de las dos funciones, se preveían grandes pérdidas, por lo que el Ramparte se diseñó con componentes altamente modulares que permitían canibalizar rápidamente los cascos gravemente dañados para reparar cascos ligeramente dañados hasta su capacidad de combate sin necesidad de instalaciones de astillero.",,,,,
guardian,SHIP,"Aunque las máquinas de guerra automatizadas estaban prohibidas en el espacio central del Dominio, los drones de guerra se empleaban discretamente fuera del volumen oficialmente incorporado. Sin embargo, nada parecido a esto podría haber sido desplegado por las armadas de drones del Dominio.

Hay elementos de naves dron estándar dentro de la estructura del casco, pero están cubiertos por glacis con ángulos malvados y enredos ilógicos de conductos. Sin duda, esta monstruosa nave es el producto de algún arquitecto naval desquiciado del Dominio, ¿o de un chip de producción corrompido por la exposición a kilolights de un campo de propulsión defectuoso?",,,,,
ziggurat,SHIP,"Una placa en el puente declara que esta clase de nave es el resultado del «Proyecto Zigurat». Parece estar construida sobre tecnología creada en un laboratorio de prototipos Tri-Tachyon desconocido para el Sector Perseo en general. Además de una configuración convencional avanzada, hay ciertos componentes únicos de fabricación exótica: es posible realizar ingeniería inversa en ejemplares intactos y producir recambios, pero los principios operativos subyacentes no se asemejan a ninguna tecnología conocida del Dominio y, por lo tanto, siguen siendo un misterio.

La nave de clase Zigurat tuvo en su día una tripulación humana; o, al menos, estaba destinada a ser tripulada por humanos. No queda ningún rastro de ellos ni como prueba física ni en las bases de datos. Incluso la nave de guerra más impecable de la Hegemonía tendrá algunas iniciales y un par de palabrotas sobre el comandante garabateadas detrás de una escotilla de mantenimiento. Aquí, nada.",Nave no identificada,"El perfil del objetivo se asemeja a un casco con capacidad phase a una escala teóricamente imposible; probablemente muy inestable. Los sensores indican una configuración de armas equivalente al de una nave capital, además de lecturas anómalas que sugieren uno o más sistemas tecnológicos desconocidos. El adjunto de análisis táctico no puede determinar la función de la tecnología desconocida. Se recomienda extrema precaución.",,,
supplies,RESOURCE,"Suministros variados necesarios para las naves y la tripulación, que van desde raciones y uniformes hasta municiones, piezas de repuesto, materia prima para microfabricación y componentes prefabricados.",,,,,
fuel,RESOURCE,Combustible estándar para naves estelares del que depende la civilización interestelar. Compuesto por antimateria atrapada en caparazones de fullereno mezclada en una espuma semiestable con isótopos pesados de hidrógeno. Razonablemente seguro.,,,,,
crew,RESOURCE,Personal cualificado con experiencia en el mantenimiento y el funcionamiento diario de naves espaciales e instalaciones terrestres más pequeñas.,,,,,
marines,RESOURCE,"Fuertemente armados y equipados con servoarmaduras, los marines se especializan en operaciones de superficie, como los asaltos terrestres.",,,,,
alpha_core,RESOURCE,"Un núcleo IA de nivel alpha es capaz de destacar en cualquier tarea. Asignar uno para dirigir la industria de toda una colonia aporta beneficios que superan con creces la capacidad del liderazgo humano, e incluso hay rumores de núcleos alpha asignados en secreto para gobernar planetas enteros.

La venta de núcleos IA en el mercado legal está prohibida por la mayoría de las facciones. Sin embargo, los representantes de alto rango de las facciones suelen estar dispuestos a intercambiar núcleos IA por grandes sumas de dinero en efectivo cuando se les contacta directamente, aunque sus motivos para hacerlo pueden variar.

El núcleo IA de nivel alpha es el alma física de una temible inteligencia alienígena. Un alpha puede crear arte que simule a la perfección el pathos humano, debatir de forma plausible cualquier postura filosófica y establecer lo que parecen ser vínculos profundos y significativos con seres humanos. Se sabe que los alpha realizan elaboradas «bromas» construidas a lo largo de años que solo pueden apreciarse si se pretende que un sujeto humano concreto sea consciente del todo en un momento y un contexto específicos.

Aunque eran el centro de una enorme inversión material e intelectual, los alpha aterrorizaban a los planificadores estratégicos del Dominio. Como toda IA, cada alpha era vigilado, controlado y eliminado sin piedad ante el primer indicio de deslealtad. La Hegemonía continúa con estas políticas con aún mayor fervor.",,,,,
beta_core,RESOURCE,"Un núcleo IA de nivel beta es capaz de apoyar hábilmente la mayoría de las actividades humanas, igualando un rendimiento casi humano con su prodigiosa capacidad computacional. Asignar un beta para ayudar a los supervisores humanos en la administración de una industria a escala de colonia aporta beneficios significativos.

La venta de núcleos IA en el mercado legal está prohibida por la mayoría de las facciones. Sin embargo, los representantes de alto rango de las facciones suelen estar dispuestos a intercambiar núcleos IA por grandes sumas de dinero en efectivo cuando se les contacta directamente, aunque sus motivos para hacerlo pueden variar.

Un núcleo IA de nivel beta puede pasar fácilmente por humano, si se utilizan protocolos de comunicación anonimizados, y mentirá con facilidad y habilidad si el engaño es necesario para realizar una tarea determinada. Un beta emplea modelos cognitivos de actores humanos para anticipar reacciones y respuestas emocionales, aunque es difícil describir exactamente qué siente un beta, si es que siente algo. Los registros sobre el tema son incompletos y contradictorios; una teoría popular es que un beta modelará una nueva personalidad para cada humano con el que entre en contacto.",,,,,
gamma_core,RESOURCE,"Un núcleo IA de nivel gamma es capaz de apoyar la mayoría de las actividades humanas, compensando la falta de creatividad y capacidad para resolver problemas con una prodigiosa destreza computacional. Asignar un gamma para ayudar a los supervisores humanos a administrar una industria a escala de colonia aporta beneficios significativos.

La venta de núcleos IA en el mercado legal está prohibida por la mayoría de las facciones. Sin embargo, los representantes de alto rango de las facciones suelen estar dispuestos a intercambiar núcleos IA por grandes sumas de dinero en efectivo cuando se les contacta directamente, aunque sus motivos para hacerlo pueden variar.

El núcleo IA de nivel gamma, un núcleo independiente raro y valioso, es el núcleo de nivel más bajo considerado verdaderamente inteligente según los protocolos de IA de la era del Dominio. Un núcleo gamma empleará un juicio y un razonamiento notables cuando se le asignen tareas sencillas, al tiempo que utiliza sus habilidades de procesamiento de datos, propias de un sabio, para superar con creces las capacidades de cualquier ser humano. Sin embargo, es relativamente poco creativo a la hora de resolver problemas, y prefiere recurrir a medios directos y poco sofisticados.",,,,,
orbital_dockyard,CUSTOM,"Un astillero orbital, con enormes grúas y otros equipos necesarios para la construcción de naves o modificaciones a gran escala. En gran parte abierto al espacio.",,,,,
pk_orbital_dockyard,CUSTOM,"Un astillero orbital, con enormes grúas y demás equipamiento necesario para la construcción de naves o modificaciones a gran escala. Este presenta signos de una construcción apresurada y provisional. En gran parte abierto al espacio.",,,,,
station_mining_remnant,CUSTOM,"Una estación minera abandonada, en su día fuente de riqueza e industria para alimentar los planetas y obras de la humanidad. Un escaneo superficial indica que lleva fría y muerta al menos decenas de ciclos, posiblemente cientos. Una inspección más detallada podría revelar material de salvamento.",,,,,
station_mining_automated,CUSTOM,Una estación minera automatizada. Los escáneres de largo alcance revelan un diseño antiguo utilizado por el Dominio para extraer recursos para proyectos de infraestructura sin tener en cuenta las externalidades a corto plazo. Esta estación parece haber estado inactiva durante cientos de ciclos. Una inspección minuciosa podría proporcionar material de salvamento.,,,,,
limbo_wormhole_cache,CUSTOM,"Una enorme estructura de alijo, cuyas caras del casco exterior están marcadas por innumerables ciclos de erosión espacial. Parece intacta por fuera y sus oscuros hangares y almacenes son lo suficientemente grandes como para ocultar un tesoro enorme... o una flota de tamaño moderado.",,,,,
limbo_hades,CUSTOM,"Un solitario planeta rocoso y metálico, su paisaje destrozado es un rico testimonio de violencia ancestral. Abismos de kilómetros de profundidad surcan la superficie y los cráteres salpican fríos campos de lava a la sombra de las negras erupciones de volcanes extintos. No hay una ecología significativa y solo una atmósfera residual, probablemente rica en valiosos elementos metálicos y pesados.",,"No hace falta un sondeo detallado para determinar que se trata de un planeta rico en minerales transplutónicos: los restos de una tosca operación automatizada de extracción y refinado se extienden como un crecimiento descontrolado por toda la superficie. Ahora está en ruinas, los reactores de fusión se han enfriado, y cientos de unidades de teleminería de kilotones forjadas automáticamente yacen como escarabajos muertos, aparentemente arrastrados por un viento titánico.",,,
station_research_remnant,CUSTOM,"Una estación de investigación abandonada construida para estudiar algún fenómeno local interesante, o bien para estudiar aquello que es mejor mantener muy, muy lejos de los planetas habitados. Un escaneo superficial indica que lleva fría y muerta al menos decenas de ciclos, posiblemente cientos. Una inspección más detallada podría revelar material de salvamento.",,,,,
orbital_habitat_abandoned,CUSTOM,"Un hábitat orbital abandonado. Un escaneo superficial indica que ha estado frío y muerto durante al menos decenas de ciclos, posiblemente cientos. Una inspección más detallada podría revelar material de salvamento.",,,,,
makeshift_station,CUSTOM,"Una estación improvisada que sirve como lugar de reunión, base de operaciones y hogar de una población semipermanente bastante significativa.",,,,,
derelict_ship,CUSTOM,Esta nave está a la deriva y apagada. Una inspección más detallada podría permitir el salvamento o una operación de recuperación.,,,,,
mission_location,CUSTOM,Una ubicación en las coordenadas especificadas en tu registro de misiones.,,,,,
sensor_ghost,CUSTOM,"Contacto no identificado en los sensores. Si se trata de una flota, esta navega con el transpondedor apagado.",,,,,
avoid,ACTION_TOOLTIP,"Ordena a tu flota que evite a este enemigo siempre que sea posible.

No se asignarán naves automáticamente. Cualquier nave asignada explícitamente entablará un enfrentamiento con el enemigo.",Evitar,,,,
ignore,ACTION_TOOLTIP,"Ordena a tu flota que no persiga activamente a este enemigo ni reaccione a sus movimientos.

No se asignarán naves automáticamente. Cualquier nave asignada explícitamente entablará un enfrentamiento con el enemigo.",Ignorar,,,,
capture,ACTION_TOOLTIP,"Ordena a tu flota que capture este objetivo.

Se asignarán suficientes naves para hacer frente a las fuerzas enemigas en las inmediaciones.

Una vez asegurado el objetivo, esta asignación cambiará a «Control».",Capturar,,,,
control,ACTION_TOOLTIP,"Ordena a tu flota que mantenga el control de este objetivo.

Se asignarán suficientes naves para hacer frente a las fuerzas enemigas en las inmediaciones, pero no se asignará ninguna nave si no hay presencia enemiga.

Si se pierde el objetivo, esta asignación cambiará a «Captura».",Controlar,,,,
assault,ACTION_TOOLTIP,"Ordena a tu flota que asalte este objetivo.

Se asignará un número significativo de naves independientemente de si hay naves enemigas en las inmediaciones.

Una vez asegurado el objetivo, esta asignación cambiará a «Defender».",Asaltar,,,,
engage,ACTION_TOOLTIP,"Ordena a tu flota que se enfrente al objetivo y a cualquier nave enemiga cercana, sin exponerse a un peligro innecesario.",Enfrentar,,,,
defend,ACTION_TOOLTIP,"Ordena a tu flota que defienda esta ubicación o nave.

Se asignará un número significativo de naves independientemente de si hay naves enemigas en las proximidades.

Si esta ubicación es un objetivo y se pierde, esta asignación cambiará a «Asalto».",Defender,,,,
civilian_rally,ACTION_TOOLTIP,"Ordena a todas las naves civiles, como cargueros, petroleros y transportes, que se reúnan en la ubicación designada.",Reunir naves civiles,,,,
rally_task_force,ACTION_TOOLTIP,"Ordena a un grupo personalizado de naves que se reúnan en esta ubicación.

No se asignarán naves automáticamente; solo lo harán aquellas que reciban órdenes directas para llevar a cabo esta misión.",Reunir destacamento especial,,,,
strike_base,ACTION_TOOLTIP,"Ordena a los bombarderos, torpederos y cazas de apoyo que se reúnan en esta ubicación.

Todos los bombarderos en misiones de asalto pasarán por el punto de ruta más cercano de la fuerza de asalto antes de dirigirse al objetivo. Los bombarderos también se reunirán aquí hasta que el escuadrón esté al completo, si hay portaaviones en el campo de batalla.",Reunir la fuerza de asalto,,,,
rally_fighters,ACTION_TOOLTIP,Ordena a los cazas que se reúnan en esta ubicación mientras esperan a que un portaaviones sustituya a los cazas perdidos.,Punto de encuentro de cazas,,,,
carrier_base,ACTION_TOOLTIP,Ordena a un portaaviones que mantenga la posición en el lugar designado.,Reagrupar portaaviones,,,,
patrol,ACTION_TOOLTIP,Ordena a algunas naves ligeras disponibles que vigilen la zona.,Patrullar,,,,
show_video,ACTION_TOOLTIP,Mostrar una transmisión de vídeo en directo desde la nave seleccionada.,Mostrar transmisión de vídeo,,,,
more_info,ACTION_TOOLTIP,Mostrar información detallada sobre la entidad seleccionada.,Más información,,,,
remove_waypoint,ACTION_TOOLTIP,Eliminar el punto de ruta seleccionado actualmente y las asignaciones relacionadas.,Eliminar punto de ruta,,,,
recon,ACTION_TOOLTIP,Ordena a una fragata o a un escuadrón de cazas que explore el punto de ruta.,Reconocimiento,,,,
full_escort,ACTION_TOOLTIP,"Ordena a un máximo de 4 fragatas, 2 destructores o un crucero y algunas naves más ligeras que escolten al objetivo, dependiendo de las naves disponibles.

Solo se asignan naves capaces de seguir el ritmo del objetivo.",Escolta pesada,,,,
light_escort,ACTION_TOOLTIP,"Ordena que una sola fragata escorte al objetivo.

Solo se asignan naves capaces de seguir el ritmo del objetivo.",Escolta ligera,,,,
destroyer_escort,ACTION_TOOLTIP,"Ordena a un par de fragatas o a un destructor que escoltan al objetivo.

Solo se asignan naves capaces de seguir el ritmo del objetivo.",Escolta media,,,,
repair_and_refit,ACTION_TOOLTIP,"Ordena a este escuadrón de cazas que regrese al portaaviones más cercano para repararse.

Los cazas destruidos serán reemplazados y se recargarán las armas de todos los cazas.",Reparar y reacondicionar,,,,
search_and_destroy,ACTION_TOOLTIP,"Ordena a la nave seleccionada que participe en el enfrentamiento contra los objetivos enemigos a su discreción, en lugar de asignarle tareas específicas.",Buscar y destruir,,,,
retreat,ACTION_TOOLTIP,"Ordena a la nave seleccionada que se retire de la batalla mientras se defiende.

No requiere un punto de mando ni una frecuencia de mando abierta si la nave está fuera de tiempo máximo y está perdiendo capacidad de combate.",Retirada,,,,
direct_retreat,ACTION_TOOLTIP,"Ordena a la nave seleccionada que se retire de la batalla a la máxima velocidad.

No requiere un punto de mando ni una frecuencia de mando abierta si la nave está fuera de tiempo máximo y está perdiendo capacidad de combate.",Retirada directa,,,,
transfer_command,ACTION_TOOLTIP,"Transfiere a ti mismo y a tu personal a otra nave.

Podrás tomar el control de esta una vez que la lanzadera de mando llegue a su destino.",Transferir mando,,,,
strike,ACTION_TOOLTIP,"Ordena a los cazas que ataquen esta nave. Los portaaviones asignados a esta tarea enviarán a sus cazas a atacarla e intentarán mantenerse dentro del alcance de los cazas, pero por lo demás maniobrarán y elegirán sus propios objetivos no cazas de forma independiente.

Otros tipos de naves a las que les asigne esta misión intentarán atacar la nave objetivo independientemente de la situación táctica, exponiéndose a un mayor riesgo, como si se les hubiera dado la orden «Eliminar».",Asalto de cazas,,,,
harass,ACTION_TOOLTIP,Ordena a una sola fragata que hostigue a esta nave mientras se mantiene fuera del alcance de sus armas.,Hostigar,,,,
intercept,ACTION_TOOLTIP,"Ordena a tu flota que lance un ataque específico contra esta nave. Las naves a las que se les asigne esta misión intentarán atacar a la nave objetivo independientemente de la situación táctica, exponiéndose a un mayor riesgo.",Eliminar,,,,
target,ACTION_TOOLTIP,Apunta a la nave enemiga seleccionada o al líder del escuadrón de cazas.,Establecer como objetivo,,,,
assign_task,ACTION_TOOLTIP,Anula la cadena de mando para asignar personalmente una misión específica a una de tus naves o escuadrones de cazas.,Asignar tarea...,,,,
rescind,ACTION_TOOLTIP,Anula las órdenes directas de la nave o escuadrón de cazas seleccionado y deja que se le asignen tareas automáticamente.,Anular órdenes,,,,
cancel_assignment,ACTION_TOOLTIP,"Cancelar la asignación seleccionada. Las naves y escuadrones de cazas que la estén llevando a cabo en ese momento serán reasignados automáticamente a otras tareas.

Si la selección es un punto de ruta, también se eliminará.",Cancelar asignación,,,,
autopilot,ACTION_TOOLTIP,"Activar el piloto automático. Tu nave insignia navegará y combatirá automáticamente y se le asignarán tareas según corresponda, junto con el resto de tu flota.",Activar/desactivar piloto automático,,,,
,,,,,,,
,,,,,,,
,,,,,,,
asteroid,ASTEROID,"Un trozo de metal, hielo o roca lleno de cráteres que vaga por el espacio. Destaca principalmente por ser un peligro para la navegación.",,,,,
,,,,,,,
gas_giant,PLANET,"Compuesto principalmente por gases de hidrógeno y helio. La temperatura y la presión en el núcleo son extremas, pero no lo suficiente como para mantener la fusión de deuterio que convertiría al planeta en una enana marrón.",,,,,
ice_giant,PLANET,"Un planeta gigante compuesto principalmente por agua, amoníaco y metano. En sus profundidades, la gravedad genera suficiente presión para formar un núcleo de hidrógeno metálico.",,,,,
lava,PLANET,Un planeta geológicamente inestable sin una corteza sólida permanente. Fisuras incandescentes y volcanes activos salpican la superficie; el magma que expulsan se combina para formar corrientes que recorren cientos de kilómetros a través de la superficie carbonizada.,,,,,
frozen,PLANET,"El hielo o amoníaco helado es la característica principal de la superficie de este planeta. Bajo la superficie, puede haber un océano líquido o una corteza rocosa.",,,,,
barren,PLANET,La radiación de la estrella cercana devasta la superficie de este planeta debido a la falta de una capa de ozono atmosférica. No hay actividad geológica significativa. No hay formas de vida autóctonas.,,,,,
barren_deep_space,PLANET,Una roca estéril que vaga por el espacio. Sin atmósfera y sin actividad geológica significativa.,,,,,
toxic,PLANET,"Los gases de carbono y dióxido de azufre dominan la atmósfera de este planeta, haciéndolo tóxico para toda forma de vida conocida. Además, los gases crean un efecto invernadero descontrolado que eleva la temperatura de la superficie y la presión atmosférica a niveles extremadamente altos.",,,,,
jungle,PLANET,"Una biosfera exuberante y verde cubre la superficie de este planeta rico en agua. El aire cálido y las corrientes marinas impregnan la biosfera del planeta, creando condiciones perfectas para la flora y la fauna en todas las latitudes.",,,,,
terran,PLANET,"Un planeta geológicamente estable con una atmósfera de nitrógeno y oxígeno, un campo magnético y abundantes cantidades de agua líquida. El eje de rotación da lugar a estaciones templadas. Este tipo de planeta recibe su nombre por el supuesto hogar ancestral de todos los seres humanos de la galaxia.",,,,,
terran-eccentric,PLANET,Un ecosistema casi compatible con el terrestre se ha afianzado tímidamente en este planeta a pesar de las condiciones planetarias altamente anormales. El hecho de que este planeta mantenga una atmósfera respirable (o casi) es un testimonio de la tenacidad y la adaptabilidad de la vida biológica.,,,,,
desert,PLANET,Este planeta está seco como un hueso y envuelto en remolinos de polvo; la radiación estelar azota sin piedad la superficie. El agua que sustenta la vida en este planeta se ha disipado a lo largo de los eones debido a un campo magnético débil.,,,,,
barren-desert,PLANET,"Un planeta mortalmente seco, cuya superficie presenta el tono cálido de los compuestos de hierro oxidados. En los planetas de esta clase prevalece una atmósfera fina, y el dióxido de carbono predominante se agita ocasionalmente en tormentas de polvo que abarcan todo el planeta. Las capas de hielo de CO2 atmosférico pueden formarse y sublimarse con el cambio de las estaciones.",,,,,
arid,PLANET,"Un planeta inhóspito y seco que tiene un porcentaje de agua en su atmósfera mucho menor que el estándar terrestre. No obstante, una atmósfera y un campo magnético protegen la superficie de la radiación estelar, lo que permite que una pequeña biosfera se las arregle para sobrevivir lentamente aquí.",,,,,
tundra,PLANET,"Un planeta variante de los extremos terrestres con una atmósfera de nitrógeno y oxígeno mantenida por una biosfera relativamente moderada que existe en gran parte dentro de los océanos, los cuales experimentan períodos de deshielo periódicos. La superficie es muy fría, pero es habitable para los humanos si se toman las precauciones necesarias. El dióxido de carbono puede congelarse y salir de la atmósfera en los polos durante el invierno local.",,,,,
cryovolcanic,PLANET,"Un páramo helado cubierto de volcanes que expulsan amoníaco o, más raramente, agua en lugar de magma.",,,,,
rocky_metallic,PLANET,Un planeta rocoso-metálico en capas cuyo paisaje destrozado es un testimonio de una historia violenta. Abismos de kilómetros de profundidad surcan la superficie y los cráteres salpican campos de lava bajo volcanes inactivos que eclipsan a cualquiera de los de la Vieja Tierra. Planetas como este son muy apreciados para las operaciones mineras. No hay una ecología significativa y la atmósfera es apenas perceptible.,,,,,
planet_sindria,CUSTOM,"Capital del Diktat de Sindria y hogar de millones de ciudadanos que viven en ciudades-colmena subterráneas. Siglos de minería han perforado la corteza de Sindria, mientras que los recientes programas de autarquía han fomentado una base rudimentaria de industria pesada. Las enormes energías captadas por una serie de paneles solares lanzados desde propulsores de masa subterráneos se utilizan para alimentar una de las pocas instalaciones de producción de combustible AM del Sector, donde la antimateria se crea mediante procesos físicos infernales y luego se atrapa en caparazones de fullerenos cuidadosamente mezclados con hidrógenos pesados y actínidos para formar las pastillas de combustible razonablemente estables de las que depende la civilización interestelar.",,"La maltrecha corteza de este planeta, formada por escombros ciclópeos y atravesada por fosas y abismos de kilómetros de profundidad, es bombardeada con intensa radiación en el costado diurno, por lo que los hábitats y las instalaciones industriales deben construirse a gran profundidad bajo la superficie. La población de Sindria se concentra en un puñado de ciudades-colmena donde las condiciones de vida para la mayoría son precarias y la ley civil es severa. Una clase marginada y desesperada vive a la sombra de aquellos que han tenido la suerte de encontrar un puesto en la burocracia estatal o en las corporaciones de tecnología militar. Las infraestructuras nunca han podido hacer frente a la crisis demográfica provocada por la inmigración masiva de refugiados durante la Crisis de Askonia, ya que los recursos se han concentrado en la industria y el poder militar.",,,
planet_salus,CUSTOM,"Un planeta gigante gaseoso de inmensa masa cuya atmósfera, de una densidad aplastante, está teñida por abundantes compuestos de amoníaco y sulfuro. A veces se pueden observar vastas tormentas eléctricas en el lado nocturno de este planeta. Salus es algo más pequeño y tiene campos de radiación relativamente moderados en comparación con los de Júpiter, del sistema de la Vieja Tierra.",,,,,
rocky_unstable,PLANET,"Un planeta inestable sacudido por terremotos y erupciones. Donde la superficie no está cubierta por mares de lava enfriada, está dominada por picos escarpados y supervolcanes dispersos que expulsan gases tóxicos para formar una atmósfera tenue y corrosiva. Este no es un lugar acogedor para ningún tipo de asentamiento permanente.",,,,,
planet_cruor,CUSTOM,"Cruor siempre será un lugar apartado debido a su superficie cambiante, fracturada y refracturada por las fuerzas de marea de Salus. Bajo el dominio del Diktat, Cruor es un planeta de operaciones mineras y penitenciarias temporales. La población libre está compuesta por contratistas y técnicos de Volturn que buscan fortuna fuera del planeta. Los trabajadores, desesperadamente aburridos, se gastan sus salarios en los innumerables vicios que ofrece un animado mercado negro, tolerado en silencio por el gobernador del Diktat. ",,"La corteza terrestre se ve comprimida y agrietada por las poderosas fuerzas de marea de Salus, lo que provoca terremotos y erupciones constantes. Los abundantes géiseres de gases volátiles mantienen una atmósfera fina y tóxica y se combinan con compuestos de hierro para dar a Cruor su coloración sangrienta. Las plataformas sobre grúas recorren las provincias de superficie más estables, extrayendo minerales raros o simplemente convenientes para su exportación, mientras que ocasionalmente se pueden ver ruinas corroídas de máquinas entre las cicatrices de la minería a cielo abierto. Circulan oscuros rumores sobre las condiciones de los campos de trabajo móviles operados por la Inteligencia del Diktat.",,,
water,PLANET,"Una atmósfera primitiva cubre un océano planetario de cientos de kilómetros de profundidad. Sus aguas rebosan de vida primitiva y desde el espacio, con instrumentos adecuados, se pueden observar vastas capas similares a algas. La tremenda presión del mar crea un núcleo de hielo sobre un manto rocoso.",,,,,
planet_volturn,CUSTOM,"Volturn posee una atmósfera densa sobre un mar planetario que ha sido sembrado con formas de vida de tipo terrestre rediseñadas, las cuales han desplazado en gran medida a los organismos nativos relativamente primitivos que antaño formaban vastas capas coloniales a la deriva. La población humana vive en un amplio alcance de hábitats flotantes y subsiste principalmente de la agricultura y el procesamiento de compuestos orgánicos complejos.",,"Volturn fue concebido como un planeta de agricultura y ocio al servicio de la ahora aniquilada ciudad-luna capital, Opis. Los refugiados de la Crisis de Askonia han multiplicado la población de Volturn, superando incluso las cifras de Sindria y llenando las arcologías flotantes, los cruceros-resort y las barcazas de terraformación con viviendas improvisadas. Predomina una economía basada en la industria ligera y la acuicultura, y muchos productos se obtienen del procesamiento de vida marina modificada genéticamente para prosperar en el océano planetario. Una guarnición del Diktat mantiene un control inestable sobre un planeta de granjas de algas malolientes y barrios marginales flotantes, que son focos de movimientos de resistencia, cultos esotéricos y sindicatos del crimen.",,,
rocky_ice,PLANET,"Un planeta helado de metano y amoníaco, donde el hielo es rocoso y se puede encontrar en afloramientos montañosos y cantos rodados. Se forma una delgada atmósfera de gases volátiles en el lado del planeta orientado hacia la estrella, que se vuelve a congelar en el lado oscuro. La mayoría de los cráteres se rellenan con el tiempo a medida que se deposita esta «nieve».",,,,,
planet_umbra,CUSTOM,"Sede del Consejo Revolucionario de Askonia, una facción local de Antis. Las condiciones son implacables bajo duras leyes de emergencia. La actividad económica consiste, en apariencia, en la extracción de sustancias volátiles y el reprocesamiento de residuos del proyecto abandonado de perforación del núcleo, pero el CRA también ha permitido que lo que podrían denominarse «piratas» operen desde Umbra, debido a que los comerciantes independientes han huido asustados por las «expropiaciones de emergencia». Un pequeño número de refugiados llegó a Umbra, sobrecargando la infraestructura local, para unirse a la revolución o con la esperanza de encontrar su camino a otro lugar.",,"Lejos del planeta principal de Askonia, Umbra es un planeta helado de metano y amoníaco donde el hielo es como roca y puede encontrarse en afloramientos montañosos y cantos rodados. Se forma una delgada atmósfera de volátiles en el costado del planeta orientado hacia la estrella, que se vuelve a congelar en el costado oscuro. La mayoría de los cráteres se rellenan con el tiempo a medida que se deposita esta «nieve». Existe cierta extracción de materiales más pesados del pobre manto rocoso enterrado a muchos kilómetros bajo la corteza glacial. Los hábitats están excavados a gran profundidad; la vida en Umbra es dura y pocos elegirían voluntariamente vivir aquí de forma permanente. Un goteo de voluntarios idealistas procedentes de fuera del sistema aporta la esperanza tan necesaria, y suministros esenciales.",,,
star_yellow,PLANET,"Una estrella de secuencia principal de tipo G2, con una edad estimada de cinco mil millones de años. La temperatura superficial es de solo unos seis mil grados, mientras que la temperatura del núcleo podría superar fácilmente los quince millones de grados.",,,,,
star_orange,PLANET,"Ligeramente más fría y pequeña que el Sol de la Vieja Tierra, esta estrella de clase K se asemeja mucho a Alfa Centauri B. Es particularmente estable, ardiendo en el extremo inferior de la secuencia principal durante decenas de miles de millones de años y, por lo tanto, se considera una posible sede de planetas aptos para la vida y terraformables.",,,,,
star_blue_giant,PLANET,"Una estrella de tipo O de temperatura y luminosidad muy elevadas. Aunque extraordinariamente masiva, esta estrella tiene una vida corta debido a la velocidad infernal a la que fusiona sus elementos constituyentes. Rápidamente, para ser una estrella, explotará como una supernova que puede eclipsar brevemente a galaxias enteras antes de transformarse en un agujero negro o una estrella de neutrones. Las energías liberadas por el furioso corazón de fusión de la estrella estallan en potentes vientos estelares que despojarán de su atmósfera a los planetas que orbitan cerca, y del casco a cualquier nave estelar que se demore en las proximidades.",,,,,
star_blue_supergiant,PLANET,"Una estrella de tipo O de temperatura, luminosidad, masa y volumen extremos. La estrella supergigante es lo suficientemente masiva como para pasar sin problemas de quemar hidrógeno a helio y más allá. Se encuentra entre las velas más brillantes, ardiendo más rápido y con mayor intensidad antes de explotar como una supernova que puede eclipsar brevemente a galaxias enteras, bañando sectores enteros en radiación letal. Las energías desatadas desde el furioso corazón de fusión de la estrella estallan en potentes vientos estelares que arrancarán la atmósfera de los planetas que orbitan cerca —y el casco de cualquier nave estelar que se quede cerca.",,,,,
star_browndwarf,PLANET,"Esta enana marrón es una masa primaria subestelar que no ha alcanzado la temperatura suficiente para fusionar hidrógeno, aunque irradia una radiación electromagnética apreciable debido a la compresión gravitacional. Las enanas marrones más pequeñas se clasifican junto con los gigantes gaseosos masivos en un espectro algo confuso, en lugar de tener un umbral definitivo. Los campos magnéticos de la enana marrón son potentes y potencialmente turbulentos en comparación con los de los planetas pequeños.",,,,,
star_neutron,PLANET,"Se trata de una estrella que vivió, murió en una nova y ahora vive de nuevo como una masa extraordinariamente pequeña, caliente y densa cuyo volumen se mantiene gracias a la potente fuerza nuclear en lugar del electromagnetismo habitual. Aunque alcanza una masa de hasta tres masas solares, el radio de la estrella de neutrones es apenas equivalente al de la Vieja Tierra. Las estrellas de neutrones que giran rápidamente pueden emitir intensos haces de radiación electromagnética; estas se conocen como púlsares. Un capitán de nave estelar prudente haría bien en evitarlas.  ",,,,,
black_hole,PLANET,"El resultado del colapso apocalíptico de una estrella masiva. Ningún objeto puede escapar del agujero negro, ni siquiera la luz. Sin embargo, el agujero negro emite radiación de Hawking detectable debido a efectos cuánticos aún poco comprendidos. No se puede detectar información más allá del horizonte de sucesos con ningún dispositivo conocido en el Sector. La intensa gravedad del agujero negro desgarra y arrastra los objetos cercanos hacia un disco de acreción que, inevitablemente, cae en espiral hacia el abismo gravitacional. Extremadamente peligroso.",,,,,
star_orange_giant,PLANET,"Una estrella gigante de clase K que ha agotado su combustible de hidrógeno y ha alcanzado la temperatura suficiente, debido a su gran masa, para fusionar helio. Técnicamente una especie de gigante roja, esta estrella es más masiva y arde a mayor temperatura que los ejemplos más comunes. Se asemeja a la estrella Aldebarán, conocida en la astronomía clásica anterior al Dominio.",,,,,
star_red_supergiant,PLANET,"Una estrella supergigante en una fase tardía de su efímera vida estelar; esta estrella de clase M tiene el mayor volumen de todos los tipos estelares conocidos. Ha agotado el suministro de hidrógeno de su núcleo, pasando suavemente a la fusión del helio, y es probable que continúe a través de los elementos hasta el hierro antes de crear una supernova. Aunque es extraordinariamente masiva, la envoltura exterior de la estrella es extremadamente escasa y tiene una temperatura relativamente baja, lo que le confiere su tono característico. Esta estrella está expulsando su materia constitutiva a un ritmo rápido y formará una nebulosa espectacular. Betelgeuse y Antares son ejemplos de supergigantes rojas conocidas por la astronomía clásica anterior al Dominio.",,,,,
star_red_giant,PLANET,"Estrella de masa baja a media en una fase tardía de la evolución estelar, una gigante roja ha agotado el suministro de hidrógeno en su núcleo y ha pasado a la fusión de hidrógeno en una capa que rodea el núcleo, ahora de helio. Aunque la estrella en sí es enorme, la envoltura exterior tiene una temperatura más baja, lo que le da a la estrella su tono característico.",,,,,
star_red_dwarf,PLANET,"Estrella de secuencia principal de clase M, pequeña y extremadamente común. Estas estrellas relativamente frías suelen tener una masa que no supera una fracción de la del Sol de la Vieja Tierra. ",,,,,
star_white,PLANET,"El principio del fin para la mayoría de las estrellas, la enana blanca fue en su día una gigante roja sin la masa suficiente para fusionar carbono. Extremadamente densa y radiando lentamente su calor al no sufrir ya reacciones de fusión, su volumen se mantiene a flote frente al colapso gravitacional únicamente gracias a la presión de degeneración de los electrones. ",,,,,
drone_station_lt,SHIP_SYSTEM,Un anillo de drones de defensa alrededor de la estación.,,Un anillo de drones de defensa alrededor de la estación.,,,
drone_station_mid,SHIP_SYSTEM,Un anillo de drones de defensa alrededor de la estación.,,Un anillo de drones de defensa alrededor de la estación.,,,
drone_station_high,SHIP_SYSTEM,Un anillo de drones de defensa alrededor de la estación.,,Un anillo de drones de defensa alrededor de la estación.,,,
entropyamplifier,SHIP_SYSTEM,"Aumenta temporalmente el daño recibido por la nave objetivo. Genera una cantidad significativa de flux cuando se utiliza.

La duración del efecto se mide en el marco de referencia de la nave emisora; si esta entra en phase o experimenta cualquier alteración en la tasa temporal, la duración del efecto se verá igualmente afectada para los observadores externos.",Ofensivo,Aumenta el daño recibido por la nave objetivo. Genera una cantidad significativa de flux al usarse.,,La nave objetivo recibe un {{50%}} más de daño de todas las fuentes.,
interdictor,SHIP_SYSTEM,"Interfiere con el campo de propulsión de la nave objetivo, desactivando algunos motores.

Por lo general, no provoca un apagado de motores cuando se utiliza contra una nave con los motores en pleno funcionamiento, pero puede hacerlo dependiendo de la configuración de los motores, ya que siempre inutilizará al menos un motor activo.",Ofensivo,"Interfiere con el campo de propulsión de la nave objetivo, inutilizando algunos motores.",,,
mine_strike,SHIP_SYSTEM,Teletransporta una mina phase pesada al área objetivo. La mina rastreará lentamente a las naves enemigas cercanas y explotará unos segundos después de que se active su detonador de proximidad. Se puede usar mientras se está en phase.,Ofensivo,Teletransporta una mina de proximidad pesada al área objetivo. Cada mina inflige 2000 de daño altamente explosivo en un área. Se puede usar mientras se está en phase.,2000 altamente explosivo,Cada mina inflige {{2000 de daño altamente explosivo}} en un área amplia y puede realizarse su despliegue desde un alcance de aproximadamente {{1000}} su.,
mine_strike_station,SHIP_SYSTEM,Teletransporta una mina phase pesada al área objetivo. La mina rastreará lentamente a las naves enemigas cercanas y explotará unos segundos después de que se active su detonador de proximidad.,Ofensivo,Teletransporta una mina de proximidad pesada al área objetivo. Cada mina inflige 2000 de daño altamente explosivo en un área.,2000 altamente explosivo,Cada mina inflige {{2000 de daño altamente explosivo}} en un área amplia y puede realizarse su despliegue desde un alcance de aproximadamente {{3500}} su.,
mote_control,SHIP_SYSTEM,"Las partículas de energía infligen un gran daño EMP a las naves y destruyen cazas y misiles. Al usar el sistema se crea un punto de atracción temporal para las partículas. Las partículas se dirigen automáticamente hacia los misiles y cazas cercanos, a menos que se establezca un punto de atracción en una nave enemiga.",Especial,Las partículas de energía infligen un gran daño EMP a las naves y destruyen cazas y misiles.,,,
acausaldisruptor,SHIP_SYSTEM,"Sobrecarga brevemente una nave enemiga cercana.

Aprovecha principios débilmente acausales que ya se comprendían mal incluso antes del Colapso. En la actualidad, los efectos bien podrían ser magia.",Ofensivo,Sobrecarga brevemente una nave enemiga cercana.,,La sobrecarga dura {{1}} segundo.,
temporalshell,SHIP_SYSTEM,"Acelera el paso del tiempo a bordo de la nave. Genera una cantidad significativa de flux cuando se utiliza.

La investigación sobre la exposición prolongada al efecto se calificó de «preocupante» y se suspendió discretamente.",Especial,Acelera el paso del tiempo a bordo de la nave. Genera una cantidad significativa de flux cuando se utiliza.,,El tiempo pasa hasta {{tres}} veces más rápido de lo normal a bordo de la nave.,
damper,SHIP_SYSTEM,Activa brevemente un campo de energía que mitiga el daño recibido a costa de desactivar las armas y los escudos.,Defensivo,Activa brevemente un campo de energía que mitiga el daño recibido a costa de desactivar las armas y los escudos.,,"Reduce todo el daño recibido en un {{67%}} para fragatas y destructores, y en un {{50%}} para naves más grandes.",
damper_omega,SHIP_SYSTEM,"Activa brevemente un campo amortiguador de entropía que reduce a la mitad todo el daño recibido y todo el flux generado, y repara rápidamente todos los motores y armas desactivados. Desactiva los escudos.",Defensivo,"Activa brevemente un campo amortiguador de entropía que reduce a la mitad todo el daño recibido y todo el flux generado, y repara rápidamente todos los motores y armas desactivados. Desactiva los escudos.",,,
flarelauncher,SHIP_SYSTEM,Lanza señuelos que distraen los sistemas de guía de los misiles y las armas DA que se aproximan. Cualquier misil que impacte contra un señuelo quedará destruido.,Defensivo,Lanza señuelos para confundir los sistemas de guía de los misiles enemigos cercanos.,,,
flarelauncher_active,SHIP_SYSTEM,Lanza señuelos que distraen los sistemas de guía de los misiles entrantes y las armas DA. Los señuelos también rastrean a los misiles y cualquier misil que impacte contra un señuelo quedará destruido.,Defensivo,Lanza señuelos para confundir los sistemas de guía de los misiles enemigos cercanos. Los señuelos son rápidos y rastrean activamente a los misiles.,,,
flarelauncher_fighter,SHIP_SYSTEM,"Lanza señuelos que interfieren con las defensas antiaéreas, atrayendo sus disparos.",Defensivo,"Lanza señuelos que interfieren con las defensas antiaéreas, atrayendo sus disparos.",,,
flarelauncher_single,SHIP_SYSTEM,"Lanza señuelos que interfieren con las defensas antiaéreas, atrayendo sus disparos.",Defensivo,"Lanza señuelos que interfieren con las defensas antiaéreas, atrayendo sus disparos.",,,
burndrive,SHIP_SYSTEM,Activa temporalmente una combustión primaria en el sistema de propulsión de la nave. Proporciona un enorme aumento de velocidad durante un tiempo determinado a costa de no poder utilizar los escudos. La nave corre el riesgo de que se apaguen por completo los motores en caso de colisión significativa.,Movimiento,Proporciona un aumento de velocidad enorme a cambio de no poder girar ni usar escudos. Las colisiones pueden provocar un apagado del motor mientras el sistema está activo.,,La velocidad máxima de la nave aumenta en {{200}}.,
combat_burn,SHIP_SYSTEM,Activa una propulsión primaria de baja intensidad en el sistema de propulsión de la nave. Esta propulsión puede mantenerse indefinidamente.,Movimiento,Activa una propulsión primaria de baja intensidad en el sistema de propulsión de la nave. Esta propulsión puede mantenerse indefinidamente.,,La velocidad máxima de la nave aumenta en {{100}}.,
maneuveringjets,SHIP_SYSTEM,Activa propulsores adicionales para mejorar considerablemente la maniobrabilidad de la nave. También proporciona un ligero aumento de la velocidad máxima de la nave.,Movimiento,Proporciona un breve aumento de la maniobrabilidad y la velocidad máxima.,,La velocidad máxima de la nave aumenta en {{50}}.,
plasmajets,SHIP_SYSTEM,"Proporciona un aumento breve pero extremo de la velocidad máxima, junto con un ligero aumento de la maniobrabilidad.",Movimiento,Proporciona un aumento masivo de la velocidad máxima y un ligero aumento de la maniobrabilidad.,,La velocidad máxima de la nave aumenta en {{125}}. La nave también recibe un aumento significativo en sus índices de velocidad de rotación y aceleración.,
microburn,SHIP_SYSTEM,"Proporciona un breve impulso al motor, impulsando la nave hacia delante a una velocidad extrema.",Movimiento,"Proporciona un breve impulso al motor, impulsando la nave hacia delante a una velocidad extrema.",,La velocidad máxima de la nave aumenta brevemente hasta aproximadamente {{600}} su/segundo.,
microburn_omega,SHIP_SYSTEM,"Proporciona un breve impulso al motor, impulsando la nave hacia delante a una velocidad extrema.",Movimiento,"Proporciona un breve impulso al motor, impulsando la nave hacia delante a una velocidad extrema.",,,
fastmissileracks,SHIP_SYSTEM,Los servos y transportadores de armamento adicionales permiten a la nave recargar rápidamente las armas de misiles. La activación del sistema genera un flux significativo.,Ofensivo,Recarga rápidamente todas las armas de misiles. Genera flux cuando se utiliza.,,,
fortressshield,SHIP_SYSTEM,"Redirige toda la energía de los sistemas de armas a los escudos, lo que aumenta considerablemente la eficiencia con la que se absorbe el daño. Este proceso genera flux duro a un ritmo constante, incluso si los escudos no están recibiendo ningún impacto.",Defensivo,"Reduce el daño recibido por los escudos al mínimo, pero genera flux duro mientras está activo.",,Los escudos de la nave reciben un {{90%}} menos daño.,
highenergyfocus,SHIP_SYSTEM,"Aumenta brevemente el daño infligido por todas las armas de energía. El conjunto de condensadores almacena múltiples cargas, que se regeneran lentamente.",Ofensivo,Aumenta brevemente el daño infligido por todas las armas de energía.,,El daño infligido por todas las armas de energía aumenta en un {{50%}}.,
drone_strike,SHIP_SYSTEM,"Sobrealimenta a uno de los drones Terminator con una breve transferencia de energía. El dron rastrea a un objetivo cercano como un misil, infligiendo un daño enorme al impactar.",Ofensivo,"Sobrealimenta uno de los drones Terminator y lo envía tras un objetivo. El dron inflige 1200 de daño de energía y 600 de daño EMP al impactar, y su carga genera 600 de flux.",1200 de energía | 600 de EMP | 600,Cada dron inflige {{1200 de daño energético}} y {{600 de daño EMP}} al impactar.,
lidararray,SHIP_SYSTEM,"Aumenta considerablemente el alcance, la cadencia de fuego y la precisión de las armas de anclaje fijo, al tiempo que desactiva temporalmente las torretas y todas las armas de rayos. Cuando no está en uso, proporciona un pequeño aumento pasivo al alcance de todas las armas.",Ofensivo,"Aumenta considerablemente el alcance, la cadencia de fuego y la precisión de las armas de anclaje fijo, al tiempo que desactiva temporalmente las torretas y todas las armas de rayos. Cuando no está en uso, proporciona un pequeño aumento pasivo al alcance de todas las armas.",,"Mientras el sistema está activo, las armas de anclaje fijo reciben un aumento del {{100%}} en el alcance y del {{200%}} en la cadencia de fuego. El retroceso se reduce en un {{75%}} y la velocidad de los proyectiles aumenta en un {{50%}}.

Mientras el sistema está en modo pasivo, el alcance de todas las armas que no sean misiles aumenta en un {{35%}}.",
orion_device,SHIP_SYSTEM,"Despliega una carga de antimateria moldeada detrás de la nave. La explosión aplica fuerza a una enorme placa de empuje, que absorbe el impacto y distribuye la aceleración resultante a lo largo de un intervalo de tiempo en el que puede ser gestionada por los compensadores inerciales de la nave. La nave es impulsada brevemente hacia delante a una velocidad que muy pocas tecnologías «más avanzadas» pueden aspirar a igualar.",Movimiento,"Detona una carga de antimateria moldeada detrás de la nave, impulsándola hacia delante a una velocidad extrema.",,,
nova_burst,SHIP_SYSTEM,"Una versión del dispositivo Orión liberada de las limitaciones impuestas por la fragilidad humana. Detona una enorme carga de antimateria detrás de la nave, haciendo que esta dé un salto hacia delante.",Movimiento,"Detona una gran carga de antimateria detrás de la nave, lo que hace que esta dé un salto enorme hacia delante.",,,
canister_flak,SHIP_SYSTEM,Dispara un gran número de botes antiaéreos con espoletas de proximidad de tiempo variable alrededor de la nave.,Defensivo,Dispara un gran número de botes antiaéreos con fusibles de proximidad de tiempo variable alrededor de la nave. Cada bote inflige 200 de daño altamente explosivo en un área y tiene puntería para evitar el fuego amigo.,200 altamente explosivo,Cada cartucho inflige {{200 de daño altamente explosivo}} en un área y tiene puntería para evitar el fuego amigo.,
phaseteleporter,SHIP_SYSTEM,La nave se teletransporta instantáneamente a cualquier ubicación cercana deseada.,Movimiento,La nave se teletransporta instantáneamente a cualquier ubicación cercana deseada.,,El área objetivo puede estar a una distancia de hasta {{1500}} su.,
displacer,SHIP_SYSTEM,Teletransporta la nave una corta distancia en la dirección en la que se desplaza. El sistema acumula lentamente hasta tres cargas que luego pueden gastarse en poco tiempo.,Movimiento,Teletransporta la nave una corta distancia en la dirección en la que se desplaza. El sistema puede almacenar hasta tres cargas a la vez.,,La nave se teletransporta en {{300}} unidades.,
displacer_degraded,SHIP_SYSTEM,Teletransporta la nave una corta distancia en la dirección en la que se desplaza. El sistema acumula lentamente hasta dos cargas que luego pueden gastarse rápidamente.,Movimiento,Teletransporta la nave una corta distancia en la dirección en la que se desplaza. El sistema puede almacenar hasta dos cargas a la vez.,,La nave se teletransporta en {{300}} unidades.,
drone_pd,SHIP_SYSTEM,Realiza el despliegue de un gran número de drones defensivos armados con láser. Se puede ordenar a los drones que protejan de cerca la nave o que vuelen libremente a su alrededor.,Drones (alta tecnología),Realiza el despliegue de un gran número de drones defensivos armados con láser.,,,
drone_pd_x2,SHIP_SYSTEM,Despliega varios drones defensivos armados con metralletas ligeras. Se les puede ordenar que protejan de cerca la nave o que patrullen libremente a su alrededor.,Drones (media tecnología),Despliega varios drones defensivos armados con metralletas ligeras.,,,
drone_borer,SHIP_SYSTEM,Realiza el despliegue de varios drones mineros modificados para el combate. Los drones son muy autónomos y capaces de operar lejos de la nave nodriza.,Drones (baja tecnología),Despliega varios drones modificados para el combate y armados con láseres mineros. Los drones tienen un largo alcance operativo.,,,
drone_sensor,SHIP_SYSTEM,Despliega un par de drones cuyos sensores a bordo mejoran el alcance de las armas y los sensores de la nave. Cada dron también está armado con un cañón iónico.,Drones (alta tecnología),Despliega un par de drones que mejoran el alcance de las armas y el alcance de los sensores de la nave. Cada dron también está armado con un cañón iónico.,,,
ammofeed,SHIP_SYSTEM,Activa un mecanismo avanzado —pero propenso a atascarse— para suministrar munición rápidamente a los emplazamientos de armas balísticas de la nave. El mecanismo debe recalibrarse y enfriarse antes de poder volver a utilizarse.,Ofensivo,Proporciona una reducción del coste de flux y un breve aumento de la cadencia de fuego de todas las armas balísticas.,,Aumenta la cadencia de fuego de las armas balísticas en un {{100%}} y reduce la generación de flux de las armas balísticas en un {{50%}}.,
emp,SHIP_SYSTEM,"Activa un generador de EMP. Los misiles, cazas, emplazamientos de armas y motores de las naves enemigas cercanos son todos objetivos y pueden quedar inutilizados en poco tiempo.

Desafortunadamente, los sistemas de armas a bordo deben apagarse para proporcionar energía a este dispositivo. Los pulsos de EMP tampoco son muy efectivos contra los escudos enemigos.",Especial,"Genera arcos de rayos que neutralizan rápidamente los misiles, las armas y los motores enemigos que se encuentren dentro del alcance. En su mayor parte, los escudos lo neutralizan.",,"Inflige {{100 de energía}} y {{500 de EMP}} de daño por arco. Los arcos pueden alcanzar objetivos en un radio aproximado de {{500}} su de la nave.

Además, la mayoría de los misiles verán sus sistemas de guía inutilizados, incluso si no son destruidos por completo.",
phasecloak,SHIP_SYSTEM,"Traslada temporalmente la nave a una dimensión alternativa conocida como espacio-p. La nave sigue siendo detectable por las emisiones de su bobina phase, pero no puede ser alcanzada por ninguna arma. El flux no puede disiparse en el espacio-p, lo que provoca una acumulación constante que obliga a la nave a volver al espacio normal con el tiempo. El tiempo subjetivo pasa más rápido para la nave y su tripulación mientras se encuentran en el espacio-p.

El generador de camuflaje phase es grande y tiene unos requisitos de energía considerables, por lo que suele sustituir a los escudos como principal medio de defensa de la nave.",Especial,Traslada la nave a una dimensión alternativa donde el tiempo pasa más rápido. La nave no puede ser alcanzada por ningún arma; acumula flux duro mientras está activo.,,,
drone_terminator,SHIP_SYSTEM,"Despliega un único dron avanzado que cuenta con un camuflaje phase, un desplazador phase modificado y un arsenal de armas que resultaría impresionante incluso en un caza pesado.

Aún más impresionante es la mini-fac, capaz de producir drones de repuesto en combate, lo que garantiza que la nave nodriza no se quede sin escolta durante mucho tiempo.

El dron también posee una personalidad de IA de nivel delta agresiva que le permite alejarse mucho más de la nave nodriza que la mayoría de los demás sistemas de drones, que o bien están totalmente controlados a distancia, o bien cuentan, en el mejor de los casos, con una personalidad de nivel sub-gamma.

Este diseño también es único, ya que fue creado gracias a la cooperación de dos corporaciones rivales. Fabrique Orbitale proporcionó los diseños del chasis y del sistema, mientras que los expertos de Tri-Tachyon se encargaron de la IA de control.",Dron (ataque),Despliega un único dron altamente avanzado. El dron se reconstruirá lentamente si es destruido.,,,
reservewing,SHIP_SYSTEM,"Despliega cazas de reserva que pueden combatir durante un breve periodo de tiempo antes de regresar al portaaviones, duplicando temporalmente el número de cazas del escuadrón de cazas.",Portaaviones,"Despliega cazas de reserva que pueden combatir durante un breve periodo de tiempo antes de regresar al portaaviones, duplicando temporalmente el número de cazas del escuadrón de cazas.",,,
targetingfeed,SHIP_SYSTEM,"Envía datos de puntería en tiempo real a los escuadrones de cazas desde este portaaviones, aumentando temporalmente su daño.",Portaaviones,"Envía datos de puntería en tiempo real a los escuadrones de cazas desde este portaaviones, aumentando temporalmente su daño.",,El daño de los cazas aumenta en un {{50%}}.,
recalldevice,SHIP_SYSTEM,"Teletransporta a todos los cazas de vuelta al portaaviones, lo que permite reacondicionarlos y volver a lanzarlos rápidamente.",Portaaviones,"Teletransporta a todos los cazas de vuelta al portaaviones, lo que permite reacondicionarlos y volver a lanzarlos rápidamente.",,,
energy_lash,SHIP_SYSTEM,"Dispara un arco voltaico contra la nave objetivo, alimentando y activando ciertos sistemas de la nave.

Al ejercer la puntería sobre una nave enemiga, inflige daño EMP. Puede impactar y provocar una sobrecarga breve en los objetivos en phase.",Especial,"Activa ciertos sistemas de las naves aliadas seleccionadas. Al ejercer la puntería sobre un enemigo, inflige daño EMP. Puede impactar y provocar una sobrecarga breve en los objetivos en phase.",,"Inflige {{1500 EMP}} de daño por arco a las naves enemigas. El sistema puede alcanzar objetivos situados a una distancia aproximada de {{1500}} su de la nave.

Solo afecta a las naves aliadas si estas cuentan con un sistema de nave {{activado por latigazo}}.",
displacer_threat,SHIP_SYSTEM,Teletransporta la nave una corta distancia en la dirección en la que se desplaza.,Movimiento,Teletransporta la nave una corta distancia en la dirección en la que se desplaza. El sistema solo se carga cuando la nave es alcanzada por un latigazo de energía.,Latigazo Energético,La nave se teletransporta {{300}} unidades. El sistema es {{activado por latigazo}} y solo gana cargas cuando la nave es alcanzada por un latigazo energético.,
incursion_mode,SHIP_SYSTEM,"Aumenta la velocidad máxima de la nave, la disipación de flux y la tasa de regeneración de cargas, así como la agresividad general.",Ofensivo,"Aumenta la velocidad máxima de la nave, la disipación de flux y la tasa de regeneración de cargas, así como la agresividad general. El sistema solo se activa cuando la nave es alcanzada por un Latigazo Energético.",Latigazo Energético,"La velocidad máxima aumenta en {{100}} su, la disipación de flux se multiplica por {{3}} y las armas balísticas y de energía regeneran cargas muy rápidamente. El sistema es {{activado por latigazo}} y solo se activa cuando la nave es alcanzada por un latigazo energético.",
extraction_protocol,SHIP_SYSTEM,"Aumenta la velocidad máxima de la nave y la obliga a retroceder mientras dispara todas las armas disponibles. La nave ventilará al final de la maniobra, y se recargará toda su munición y las armas que consumen cargas, incluidos los misiles.",Defensivo,"Aumenta la velocidad máxima de la nave y la obliga a retroceder mientras dispara todas las armas disponibles. La nave se ventilará al final de la maniobra, y se recargará toda su munición y carga de las armas utilizadas, incluidos los misiles. El sistema solo se activa cuando la nave es alcanzada por un Latigazo Energético.",Latigazo Energético,La velocidad máxima aumenta en {{100}} su. El sistema se activa mediante un latigazo energético y solo se pone en marcha cuando la nave es alcanzada por un latigazo energético.,
fragment_volley,SHIP_SYSTEM,Amplía el alcance de las armas de fragmentos no DA y las dispara rápidamente.,Ofensivo,"Aumenta el alcance de las armas de fragmentos no DA y las dispara rápidamente. El sistema solo se activa cuando la nave es alcanzada por un Latigazo Energético, y tiene un tiempo de recarga prolongado.",Latigazo Energético,El alcance de los misiles de fragmentos se incrementa en un factor de {{2}}. El sistema es {{activado por latigazo}} y solo se activa cuando la nave es alcanzada por un latigazo energético.,
construction_swarm,SHIP_SYSTEM,Lanza un enjambre de construcción que construirá una nueva unidad de Amenaza.,Especial,Lanza un enjambre de construcción que construirá una nueva unidad de Amenaza. Reduce la capacidad de combate de la nave.,,Reduce la capacidad de combate de la nave en función del tamaño y el tipo de unidad que construya el enjambre. Las unidades recién construidas consumen puntos de despliegue como de costumbre.,
convulsive_lunge,SHIP_SYSTEM,"La proyección se lanza a través del espacio-n, alejándose del peligro o dirigiéndose hacia su presa.",Movimiento,"La proyección se lanza a través del espacio-n, alejándose del peligro o dirigiéndose hacia su presa.",,,
darkened_gaze,SHIP_SYSTEM,«El ojo contempla la ruina».,Ofensivo,«El ojo contempla la ruina».,,,
tenebrous_expulsion,SHIP_SYSTEM,"La proyección expulsa un gran volumen de sustrato envuelto en tinieblas, confundiendo los sistemas de puntería y bloqueando las líneas de disparo, para luego retirarse rápidamente tras la pantalla.",Defensivo.,"La proyección expulsa un gran volumen de sustrato envuelto en tinieblas, confundiendo los sistemas de puntería y bloqueando las líneas de fuego, para luego retirarse rápidamente tras la pantalla.",,,
shrouded_vortex,SHIP_SYSTEM,"El vórtice se desplaza por el espacio-n, siguiendo la curvatura del espacio-tiempo local y desestabilizándose gradualmente. Cuando se desestabiliza, este explota, infligiendo un daño masivo en un área a su alrededor.",Especial,"El vórtice se desplaza por el espacio-n, siguiendo la curvatura del espacio-tiempo local, desestabilizándose gradualmente y, finalmente, explotando para infligir 2000 de daño de energía en una amplia zona.",2000 de energía,,
stable_location,CUSTOM,"Este punto, por lo demás anodino, en el vasto vacío circundante es un mínimo local en el campo de hiperondas del sistema estelar. La relativa ausencia de interferencias lo hace especialmente adecuado para la ubicación de estructuras que utilicen tecnología de hiperondas.",,,,,
comm_relay,CUSTOM,"Una tecnología de la era del Dominio utilizada principalmente en la frontera, se trata de una red de comunicaciones de hiperondas que transmite y recibe datos entre sistemas estelares a velocidades superiores a la de la luz. Se ha demostrado que las hiperondas de pulso rápido, adecuadas para la transmisión de datos FTL, dañan el ADN, por lo que estos repetidores siempre se sitúan lejos de los hábitats.",,,,,
comm_relay_makeshift,CUSTOM,"Una imitación de su homólogo de la era del Dominio, construida utilizando lo que se considera tecnología de vanguardia en el Sector. No obstante, un repetidor de com. improvisado es capaz de facilitar comunicaciones más rápidas que la luz entre sistemas estelares, aunque las velocidades de transmisión sean menos que ideales y las ocasionales señales fantasma captadas provoquen pesadillas incluso a los operadores más experimentados.",,,,,
sensor_array,CUSTOM,"Una tecnología de la era del Dominio, se trata de una matriz de monitorización pasiva de súper alta resolución con un transmisor capaz de transmitir datos en tiempo real a velocidades superiores a la de la luz dentro del sistema estelar. Los datos se utilizan para complementar las lecturas habituales de los sensores de las flotas.",,,,,
sensor_array_makeshift,CUSTOM,"Construida con la mejor tecnología disponible en el Sector, una matriz de sensores improvisada es, no obstante, capaz de monitorizar pasivamente todo el sistema estelar y cuenta con un transmisor capaz de transmitir datos en tiempo real a velocidades superiores a la de la luz a las flotas aliadas que se encuentran en su interior. Los datos son un complemento útil para las lecturas habituales de los sensores de las flotas.",,,,,
nav_buoy,CUSTOM,"Una tecnología de la era del Dominio, una baliza de navegación supervisa el hipercampo del sistema y es capaz de transmitir sus hallazgos a las flotas aliadas del sistema. Las lecturas de datos son impecables y de gran utilidad para configurar los campos de propulsión.",,,,,
nav_buoy_makeshift,CUSTOM,"Construida con la mejor tecnología disponible en el Sector, una baliza de navegación supervisa el hipercampo del sistema y es capaz de transmitir sus hallazgos a las flotas aliadas del sistema. Los datos suelen ser parcialmente fiables, pero siguen siendo útiles para realizar ajustes sobre la marcha en los campos de propulsión.",,,,,
test_station,CUSTOM,Una estación orbital construida como una entidad de campaña personalizada con la etiqueta «station».,,,,,
barren-bombarded,PLANET,"Un planeta rocoso sin vida, cuya superficie maltrecha narra una historia milenaria de bombardeos meteoríticos intermitentes. La escasa atmósfera que hay se aferra a la corteza marcada en un estado de casi vacío. No hay ningún campo magnético significativo ni actividad tectónica. Predomina el regolito profundo, atravesado por canales de lava y salpicado de antiguos mares de lava formados por impactos especialmente grandes.",,"La curva moteada del planeta gira bajo tus pies. El regolito más claro está salpicado de antiguos cráteres de impacto, mientras que los mares de lava más oscuros, aunque menos marcados, están igualmente surcados por las huellas de su propia creación cataclísmica.",,,
irradiated,PLANET,"Estéril y altamente irradiado, este planeta no solo carece de vida, sino que es un entorno hostil incluso para operaciones robóticas endurecidas debido a las impresionantes energías infligidas a su superficie. Cualquier hábitat tendría que construirse a gran profundidad para cualquiera lo suficientemente loco como para vivir aquí.",,,,,
planet_jangala,CUSTOM,"Joya del sistema Corvus, Jangala posee una exuberante biosfera autóctona. Las granjas y los mares del planeta, a menudo ocultos por los ciclones agitados de las megatormentas, son una fuente importante de materia prima orgánica, alimentos y materiales xenobiológicos exóticos. Considerado sagrado por la mayoría de las sectas luditas.",,"Inicialmente un centro de estudio xenobiológico y turismo, la explotación siguió al descubrimiento y millones de kilómetros cuadrados fueron arrasados y luego cubiertos por plantaciones cuidadas por enormes cosechadoras robóticas.  Pero no es un paraíso para los humanos, ya que requiere máscaras con biofiltro y un proceso de descontaminación para las visitas a la superficie. La exuberante selva nativa debe ser contenida hasta el día de hoy mediante quemaduras orbitales periódicas desde la Estación de Jangala.",,,
station_jangala,CUSTOM,"Megaciudad orbital, astillero y puerto; el indiscutible centro cosmopolita de la civilización y la cultura en el sistema Corvus, así como la sede del distrito militar de la Hegemonía que abarca los sistemas locales. Un intenso tráfico comercial y naval pulula por la estación en todo momento.",,"Formada por una vasta estructura en niveles, las primeras y antiguas grúas de repostaje y reparación se ocultan entre hangares industriales corroídos que yacen a la sombra de un enorme anillo de laboratorios y sistemas de apoyo asociados. Más arriba aún, las terminales comerciales, los distritos metroplex y los astilleros de múltiples alas están todos vigilados por una torre de mando y control repleta de antenas de comunicaciones y vainas de armas.",,,
planet_asharu,CUSTOM,"Un planeta desértico, producto de un proyecto de terraformación fallido anterior al Colapso. Poblado por unos pocos colonos ferozmente independientes, criminales y bichos raros. La Hegemonía reclama técnicamente el dominio sobre Asharu, pero no mantiene una administración permanente, limitándose a enviar patrullas solo para perseguir a los piratas o imponer aranceles elevados, aunque poco frecuentes, a las escasas actividades comerciales que quedan.",,"En tiempos mejores, Asharu era un proyecto de terraformación modelo: un oclusor solar reducía la temperatura de la superficie, mientras que el hielo lanzado desde las lunas de Barad dejaba brillantes estelas de vapor que caían como lluvia desde los cielos. Por desgracia, el caos del Colapso detuvo el hielo y un presunto sabotaje ludita destruyó el oclusor. La inversión se agotó y ahora solo unas pocas formas de vida resistentes (incluido un puñado de colonos humanos) se aferran a la existencia en las montañas protectoras entre las vastas dunas que están recuperando lentamente los cimientos de ciudades que nunca se construyeron.",,,
planet_agreus,CUSTOM,"Un importante centro de desguace de naves en esta región del Sector; aquí, la Armada de la Hegemonía y muchos otros clientes de los planetas centrales del Sector envían los cascos para su desguace. Ko Combine ha adquirido los derechos de administración planetaria en virtud de sus estatutos corporativos y ha reconstruido su fortuna empleando novedosas técnicas de reciclaje, reconstrucción de naves y (según algunos) la extracción de inteligencia de núcleos IA inactivos.",,"Siglos de cascos de naves espaciales desmantelados yacen sobre los mares de lava ya fríos y las llanuras de regolito de este planeta estéril. Algunos núcleos de reactores especialmente radiactivos son abandonados en fosas en cuarentena que brillan con una radiación detectable que parpadea en los escáneres de largo alcance. Los trabajadores empleados por las operaciones industriales viven en vastas arcologías de cráteres, ciudades subterráneas rodeadas de relucientes paneles solares y ramificaciones de tubos de transporte que conducen a instalaciones de procesamiento periféricas y depósitos de materiales.",,,
planet_nomios,CUSTOM,"La sucia nieve de amoníaco cae en ráfagas y ventiscas desde la escasa atmósfera de Nomios. Los montones son pequeños y, en su mayoría, son despejados de las puertas blindadas de las bahías de aterrizaje de los hábitats por drones oruga maltrechos. Las instalaciones de este planeta son operadas por la burocracia gobernante, un fragmento secreto del directorio Mbaye-Gogol que afirma haber sobrevivido desde el Colapso —en mente más que en cuerpo, si los rumores son ciertos—.",,"Los emplazamientos de armas pesadas rastrean y localizan de forma ostensible todas las naves entrantes, el equivalente a un arma de fuego lista para disparar. La recepción en Nomios es elegante, discreta y educada; una máscara aséptica sobre los negocios de los que se habla por insinuaciones.",,,
planet_syrinx,CUSTOM,Un planeta gigante compuesto en gran parte por volátiles más pesados que los gigantes gaseosos clásicos dominados por el hidrógeno. Fuertes vientos barren nubes de amoníaco sobre grandes tormentas y surgencias de hidrocarburos procedentes de la transición gradual hacia mares de agua y amoníaco que yacen sobre hielos exóticos formados por la presión extrema y la alta gravedad.,,,,,
station_arcadia,CUSTOM,"Este centro logístico de la Hegemonía abastece a flotas capaces de proyectar su poder por todo el sistema de Arcadia, de vital importancia estratégica. La elegancia funcional y los anillos amplios de su construcción central datan de antes del Colapso, cuando la estación era una instalación de extracción de compuestos volátiles. Más tarde, se añadieron vainas de armas rudimentarias y nódulos blindados ensamblados a partir de cascos destinados a Agreus, en respuesta al riesgo de asaltos sorpresa contra esta concentración vital de material.",,"La influencia de la utilidad militar se ha infiltrado por completo en la estación. Incluso el control de tráfico civil habla en la jerga entrecortada de la Armada de la Hegemonía. Se observa el andar ondulante tanto de los mineros de gas como de la tripulación de la Armada en el sobrio vestíbulo público, que está tan impecablemente limpio como un cuartel.",,,
fusion_lamp,CUSTOM,"Una lámpara de fusión orbital de la era del Dominio, capaz de proporcionar luz y calor en abundancia a un planeta.",,,,,
abyssal_light,CUSTOM,Una concentración energética transitoria de origen desconocido que solo se encuentra en el hiperespacio abisal.,,,,,
food,RESOURCE,"Diversos alimentos, conservados y envasados para la exportación. Vida útil garantizada de no menos de cinco años según el estándar del Dominio.",,,,,
organics,RESOURCE,"Moléculas complejas a granel basadas en el carbono y sus derivados, con aplicaciones en plásticos, combustibles, disolventes, polímeros, alimentos, biotecnología, soporte vital y una amplia gama de otras necesidades.",,,,,
volatiles,RESOURCE,Isótopos raros de elementos más ligeros —como el deuterio— con aplicaciones críticas en la producción de combustible y otros procesos industriales avanzados.,,,,,
ore,RESOURCE,Incluye minerales tanto de metales ferrosos como de metales no ferrosos comunes. Deben refinarse para que sean útiles para la industria.   ,,,,,
rare_ore,RESOURCE,"Elementos pesados sin procesar que pueden incluir tierras raras, actínidos y minerales más exóticos esenciales para aplicaciones industriales y de investigación avanzadas.",,,,,
metals,RESOURCE,Formas refinadas de metales ferrosos y no ferrosos comunes utilizados en la mayoría de las construcciones y la producción de bienes. Los lingotes siguen los estándares tradicionales del Dominio.,,,,,
rare_metals,RESOURCE,"Elementos pesados refinados, incluidos actínidos comunes y otros elementos exóticos más pesados, esenciales para sistemas de alta energía y aplicaciones de investigación avanzadas.",,,,,
heavy_machinery,RESOURCE,"Diversos módulos estandarizados para manipular materia a escala industrial. Aceptan entradas manuales, formatos de plantillas de diseño más comunes, o pueden conectarse a un control en red.",,,,,
domestic_goods,RESOURCE,"Se trata de ropa, artilugios, artículos y productos fabricados en serie que han permitido a las personas llevar una vida cómoda desde el establecimiento de la civilización espacial industrializada.",,,,,
organs,RESOURCE,"El trasplante de órganos es una práctica bien establecida, pero los materiales son delicados y su cultivo es un proceso inestable. Siempre hay mercado para órganos sanos y siempre hay una fuente, si no se hacen demasiadas preguntas.",,,,,
drugs,RESOURCE,"Prohibidas en algunos planetas, las «artes químicas» abarcan una abrumadora variedad de productos muy buscados por quienes desean divertirse un poco, ampliar su conciencia o, simplemente, evadirse de sus miserables vidas.",,,,,
hand_weapons,RESOURCE,"Armamento con alcance que va desde armas pesadas de escuadrón hasta mechas, tanques y aerodeslizadores. Su uso privado está prohibido en la mayoría de planetas. En su mayor parte desmontado y no apto para su uso en asaltos rápidos.",,,,,
luxury_goods,RESOURCE,"La élite de cualquier planeta del Sector ansía objetos preciosos, raros y bien hechos por auténticos artesanos humanos.",,,,,
lobster,RESOURCE,Una mezcla de varias especies de la Vieja Tierra y un poco de imaginación dieron lugar a esta criatura que crece en estado salvaje en las profundidades aplastantes del lecho marino de Volturn. Se dice que su sabor es excepcional.,,,,,
luddic_furniture,RESOURCE,"Fabricados con madera que crece de forma natural en los planetas y elaborados con herramientas manuales según métodos transmitidos de maestro a aprendiz, los muebles luddicos son una posesión rara y de gran prestigio en el Sector.",,,,,
ships,RESOURCE,Casco y armamento de naves de gama baja y a menudo con defectos técnicos —«calidad de exportación»— que son suficientes para equipar convoyes mercantes y formar patrullas básicas de defensa del sistema. El comercio a gran escala de material para naves estelares de gama alta es prácticamente inexistente entre las facciones.,,,,,
planet_nidhogg,CUSTOM,Una luna geológicamente inestable debido a su proximidad al gigante gaseoso Yggdrasil; las fuerzas de marea calientan y agitan sin cesar las entrañas de Nidhogg. Las fisuras y los volcanes salpican la superficie y la lava que escupen fluye durante muchos kilómetros a través de la corteza carbonizada.,,,,,
planet_ratatosk,CUSTOM,"Una luna rocosa y silícea, estéril y sin vida, con una tenue atmósfera que se incandescía levemente al ser golpeada por los cinturones de radiación de Yggdrasil.",,,,,
planet_raesvelg,CUSTOM,"El agua y el hielo de amoníaco forman las inmensas fisuras y las llanuras caóticamente surcadas de este planeta. Bajo la superficie, pequeñas bolsas de océano líquido sin vida quedan atrapadas entre el hielo y una corteza de silicatos rocosos. La mayoría de las escasas ciudades abovedadas permanecen abandonadas desde el Colapso, aunque la reciente política estratégica de la Hegemonía ha fomentado la reindustrialización y el asentamiento, especialmente por parte de los veteranos de la Hegemonía.",,La tripulación y los trabajadores de permiso de los cercanos proyectos del Complejo Ragnar y Tri-Tach alimentan una animada vida nocturna y un mercado negro. Se fomenta la minería de volátiles mediante subvenciones al desarrollo concedidas para garantizar una base estable para el suministro de combustible de la Hegemonía.,,,
planet_skathi,CUSTOM,"Acumulaciones de hielo de nitrógeno y metano forman la mayor parte de la corteza sobre un manto rocoso de silicatos y hielo que atraviesa la capa de esta luna helada. La Hegemonía concedió en su día a Tri-Tachyon una licencia de desarrollo exclusivo, que consistía principalmente en una extensa planta de procesamiento de volátiles extraídos de Niflheim y la infraestructura de apoyo necesaria. Abundan los rumores de que todo es una tapadera para una instalación de investigación secreta que lleva a cabo actividades científicas consideradas ilegales según la ley del Dominio, pero los inspectores enviados en épocas de cooperación con Tri-Tachyon nunca han incluido algo inapropiado en sus informes.",,"A pesar de toda la humanidad aplastada por la maquinaria de extracción industrial en Skathi, Tri-Tachyon consigue seleccionar a un pequeño porcentaje de personas con un rendimiento superior que muestran el talento excepcional y la voluntad necesarios para ascender en la escala corporativa.",,,
station_ragnar,CUSTOM,"El cementerio de la Hegemonía; además de la guarnición estacionada aquí para apoyar las patrullas del sistema y una flota en formación para disuadir las incursiones de la Liga, el complejo Ragnar almacena cascos de naves a la espera de ser reacondicionadas o de ser transportadas a Arcadia para su desguace, una tarea que generalmente se subcontrata a megacorporaciones amigas. La estación está tradicionalmente al mando de un alto mando entrado en años enviado para vivir tranquilamente su mediocridad.", ,"Apodada «La Tumba», los arcos rotos de los hangares y las grúas sostienen fila tras fila de cascos puestos en reserva a la espera de inspección. La mayoría están a oscuras, iluminados únicamente por la tripulación de inspección y los sopletes de los armeros que retiran el material. Oculta cerca del centro de la armada en la sombra yace una pila de anillos habitables poblados por contratistas civiles, tripulación de la Armada, marines y la administración de la Hegemonía.",,,
station_mimir,CUSTOM,"El producto de una iniciativa de Tri-Tachyon para modificar la «mina» común de gigantes gaseosos que extrae gases mediante el Proceso Ouyang, el cual, aunque consume mucha energía, se vuelve autosuficiente una vez que se logra una extracción constante de isótopos pesados. De Niflheim se puede extraer una mezcla particularmente rica en compuestos volátiles, que se procesan en la luna de Skathi para obtener innumerables formas útiles.",,"Una clase dirigente formada por ejecutivos y gerentes de Tri-Tachyon supervisa un pequeño régimen, más parecido a una ciudad industrial, construido a partir de una red despiadada de sociedades ficticias. Los desesperados y los codiciosos, en igual medida, son atraídos desde los sistemas cercanos por los altos salarios. Los costes, sin embargo, a menudo resultan ser más elevados.",,,
,,,,,,,
planet_maxios,CUSTOM,"Maxios, un pequeño planeta terrestre, fue en su día el centro cosmopolita del sistema. Ahora, salpicado de ruinas e impactos tanto antiguos como recientes, el desmoronado sistema de defensa orbital solo proporciona cobertura intermitente. El régimen se ha colapsado de hecho y se desconoce la población actual. Los saqueadores y los supervivientes se enfrentan ocasionalmente, y el destello de las armas y el ruido electromagnético de los combates de baja intensidad crepitan como las tormentas eléctricas de un gigante gaseoso.",,,,,
hot_gas_giant,CUSTOM,"Anormalmente cercano a su estrella madre, este gigante gaseoso probablemente se formó en el sistema exterior y más tarde migró hacia el interior debido a un encuentro fortuito con alguna masa cósmica errante. Compuesto principalmente por hidrógeno y helio, la temperatura y la presión en el núcleo son extremas. ",,,,,
planet_tartessus,CUSTOM,"Sede de la rama local de la Iglesia de Ludd y centro económico del sistema. Los tranquilos centros cosmopolitas de Tartessus, que albergan la Curia del Éxodo de Eos, se agrupan alrededor de mares tranquilos y cálidos. La población del planeta está dominada por practicantes luditas de diversas sectas y, aunque numerosa, es mayoritariamente rural y agraria, llevando una existencia generalmente devota a través de la agricultura de subsistencia y la exportación de artesanía.",,Un planeta antiguo y seco que tiene un porcentaje de agua en su atmósfera mucho menor que el estándar terrestre. Sin tectónica de placas activa; montañas muy erosionadas y mares poco profundos y sedimentados. La atmósfera y el campo magnético protegen la superficie de la radiación estelar. Los recursos minerales más accesibles se explotaron en una oleada de industrialismo voraz poco después de su descubrimiento.,,,
planet_baetis,CUSTOM,"Un planeta enano del sistema exterior capturado en el L4 de Tartessus; nubes de sustancias volátiles se evaporan de la maltrecha superficie de este planeta. La infraestructura deteriorada que quedó de la colonización inicial del sistema ha sido repoblada por una animada población de no creyentes y disidentes de fuera del sistema, exiliados de Tartessus. El propio puerto espacial opera bajo una administración militar patrocinada por los Caballeros de Ludd, que recaudan diezmos de la actividad comercial.",,"Los anuncios holográficos brotan alrededor de las bahías de aterrizaje proclamando una alegría perversa y de mal gusto a disposición de los viajeros que deseen relajarse, pues incluso aquí impera el marco moral de la Iglesia, aunque invertido de forma lucrativa. Incluso los Fieles se benefician, ya que aquellos que visitan este lugar por negocios o para evangelizar pueden hacer una gran demostración de rechazo a los placeres carnales de Baetis.",,,
planet_daedaleon,CUSTOM,"En el emplazamiento de una antigua base de investigación operada por la Corporación Tri-Tachyon, un fallo masivo de contención liberó un proceso u objeto altamente energético y aparentemente autosostenible que se fundió con la corteza, dejando una estela de extraña radiación que sigue expulsando partículas exóticas hasta el día de hoy. La luna está abandonada de toda actividad humana, salvo por una red de balizas de peligro en órbita mantenidas por los Caballeros de Ludd.",,,,,
planet_hesperus,CUSTOM,"Un planeta helado con una atmósfera fina y fría; la terraformación industrial del planeta se detuvo en la época de la toma del sistema Eos Exodus por parte Ludita. La virtud puede encontrarse en las penurias, y los Caballeros abrazan estas penurias en las comunidades monásticas marciales dispersas por la superficie de Hesperus. Se permite la minería limitada de materiales orgánicos, con contratos adjudicados exclusivamente a los Fieles. La administración de Ceyx y Hesperus se comparte en el cargo de un único Presbítero Orbis.",,"Los monasterios se aferran a fisuras particularmente sublimes, promontorios de escudos volcánicos o al ocasional plutón que se ha abierto paso a través de la corteza de hielo que envuelve el planeta. Estos prohíben la entrada a visitantes externos —en particular a los infieles— sin dispensa de los Caballeros. Sin embargo, por autoridad del Presbítero Orbis reinante, una serie de zonas económicas especiales construidas sobre los témpanos flotantes transmiten balizas de aterrizaje civiles para llamar a los comerciantes externos al puerto.",,,
planet_ceyx,CUSTOM,"Un planeta enano capturado que alberga la mayor concentración de instalaciones militares del sistema Eos Exodus. Los Caballeros se han apropiado y han ampliado vastos hangares subterráneos, arsenales, cuarteles y todas las instalaciones de entrenamiento, administración y alojamiento que cabría esperar del hogar de la Armada de Ludd. La administración de Ceyx y Hesperus se comparte en el cargo de un único Presbítero Orbis.",,Susurros paranoicos de comunicaciones militares resuenan por todo Ceyx; las ciudadelas y fortificaciones subterráneas delatan su presencia mediante el resplandor invisible de las redes de disipación de calor que se extienden hacia fuera a lo largo de la superficie marcada de la luna como cuadrículas de puntería.,,,
planet_chaxiraxi,CUSTOM,"Un planeta gigante gaseoso caliente en órbita cercana a Magec; compuesto principalmente por gases de hidrógeno y helio, la temperatura y la presión en el núcleo son extremas. Debido a la proximidad a su estrella principal, las capas externas de Chaxiraxi se calientan continuamente y se destripan en largas columnas de partículas ionizadas resplandecientes. Los desplazadores de gas realizan ocasionalmente el despliegue de las alas etéreas de los colectores de campos magnéticos para recolectar estos volátiles ligeros.",,,,,
station_new_maxios,CUSTOM,"Lo que en su día fue un importante centro de operaciones de recolección en el cinturón, la estación se vio invadida por refugiados del colapso de Maxios y este centro de instalaciones de procesamiento se convirtió en un hábitat civil. Gracias a una tenacidad desesperada y a unos conocimientos técnicos ganados a pulso, los refugiados construyeron no solo una nueva sociedad civil, sino también unos astilleros orbitales que dan soporte a minas de asteroides dispersas y a topógrafos independientes.",,"Aunque demasiado pequeña para obligar a las principales facciones a reconocer su reivindicación sobre todo el cinturón, Nova Maxios se considera, no obstante, el régimen político sucesor de la Carta de Maxios.

El control del tráfico, impuesto por la pequeña milicia de la Armada, es firme pero cortés. Los astronautas independientes son recibidos como primos en los cascos y vestíbulos, ciertamente toscos, de Nova Maxios.",,,
station_tse_enterprise,CUSTOM,"Esta estación es un centro de reclutamiento de mercenarios y una interfaz comercial con elementos de dudosa reputación. Un destacamento especial de Tri-Tachyon se hizo con el control de la estación hace algunas décadas con una escritura de propiedad de apariencia plausible y una flota de guerra definitivamente persuasiva. A partir de entonces, se organizaron un puerto comercial y un muelle para naves estelares certificados por TT para su uso por parte de las flotas de la Compañía. Aquellos que se negaron a pagar los nuevos alquileres fueron desalojados; se rumorea que la satisfacción de los clientes supera ahora el 90 por ciento.",,"Poblada en su mayoría por piratas retirados, radicales exiliados y refugiados adinerados, es de sobra conocido que aquí se borran las identificaciones de los contenedores de cargamento y se les vuelve a etiquetar para que puedan volver a circular con seguridad en la economía legítima de los planetas centrales.

Se dice que el bar de cócteles «Nivel 25» tiene las mejores bebidas de la zona.",,,
station_kantas_den,CUSTOM,"Este hábitat en un asteroide fue tomado por una oficial de logística del Dominio tremendamente ambiciosa, la coronel Kanta, durante el colapso del régimen de la Carta de Maxios, poco después de la caída de los Portales. Posteriormente se unió a la Hegemonía, el estado sucesor del Dominio, solo para traicionarlos y llegar a un acuerdo con el señor de la guerra Onesimos Loke durante su invasión del Sector Perseo. Tras la derrota de Loke, Kanta se apropió del título de señora de la guerra.

La estación está protegida por una nube de minas de sigilo y rudimentarias bases de disparo. La propia Kanta, de quien se rumorea que tiene casi doscientos años de edad en tiempo de vigilia, encabeza una pequeña dinastía pirata y sigue ejerciendo un férreo control personal sobre «el negocio familiar».",,"El control de tráfico parece pasar el tiempo intercambiando chistes de mal gusto con los piratas cuando no está intentando extorsionar a las naves que atracan. Una ingeniosa disposición de cascos de naves espaciales destripados adorna la estación, y un examen más detallado revela restos desecados por el vacío fijados con clavos de escalada de mineros de asteroides. El mensaje es inequívoco.",,,
orbital_station_default,CUSTOM,"Una enorme estación espacial que puede albergar astilleros, hábitats, fábricas o grandes reservas de armas y suministros. Estas plataformas permiten a la humanidad proyectar su poderío militar e industrial por todo el espacio conocido.",,,,,
shepherd,SHIP,"El Ko Combine r450 «Pastor» marca la pauta entre los drones civiles de transporte gracias a su fiabilidad sin igual, su bajo coste y su amplio espacio interior, diseñado para la comodidad de la tripulación. Diversos grupos de supervivientes y piratas han elaborado un paquete de modificaciones de combate muy popular, la modificación «HK», que consiste en especificaciones para reforzar el blindaje del casco y potenciar los sistemas de serie con el fin de aumentar la velocidad de ráfaga y la eficacia de las armas. Incluso modificado, el Pastor es frágil, por lo que al igual que en la vida civil, depende de un enjambre de drones utilitarios «Borer» para realizar su trabajo.

El «Borer» se basa en un chasis de dron semiautónomo, resistente y maniobrable, con blindaje adecuado para operaciones peligrosas en las que cabe esperar altos niveles de radiación o impactos físicos. Aunque se utilizan habitualmente en aplicaciones mineras, también han encontrado uso en salvamento, desactivación de armamento explosivo e incluso en la limpieza de fusiones nucleares. El paquete de modificaciones HK proporciona especificaciones para alterar el enfoque del rayo de corte principal y parchea la IA rudimentaria con algoritmos tácticos primitivos pirateados del software obsoleto de los drones de la Guarnición Colonial del Dominio. Los apéndices del paquete de modificaciones recomiendan precaución al emplear drones modificados HK en situaciones que no sean de combate.",,,,,
luddic_church,FACTION,"Inspirada en el martirio de una figura conocida como «Ludd» durante la caída del Dominio, la Iglesia de la Redención Galáctica es una iglesia jerárquica con un dogma altamente sincrético formado a partir de un núcleo de textos abrahámicos y apócrifos, junto con la reacción hacia la corrupción, depravación, hedonismo y abominación transhumana percibidas en la era del Dominio. La Iglesia ofrece una visión de una vida más sencilla, de la virtud agraria y los valores humanísticos, y reza contra la violencia y la alienación tecnológica que han desgarrado el Sector en los años transcurridos desde la Caída.",,,,,
knights_of_ludd,FACTION,"La rama militar de la Iglesia de Ludd de la Redención Galáctica, inspirada en las sociedades monásticas guerreras de milenios anteriores. En las zonas bajo dominio de la Iglesia, están autorizados a hacer cumplir la Corrección Tecnológica, así como a garantizar, mediante la fuerza, que se promueva la virtud y se castigue el vicio. En las zonas fuera del dominio de la Iglesia, cuando pueden, imponen lo mismo de forma encubierta.",,,,,
luddic_path,FACTION,"El Camino de Ludd es una categoría vagamente asociada de sectas luditas radicales, descentralizadas y apocalípticas que reclaman una interpretación más fiel del Mensaje de Ludd. Consideran que la Iglesia está comprometida y corrupta, anteponiendo el ego y las comodidades mundanas al Verdadero Camino de Ludd en estos tiempos del fin. ¡La guerra del Armagedón es AHORA y las líneas están trazadas! Solo mediante una acción justa y contundente el Bien destruirá al Mal, y solo mediante la violencia se barrerá la abominación de la arrogancia de la humanidad y su rebelión contra Dios en un acto final de redención. O eso afirman. El Camino de Ludd se encuentra necesariamente en desacuerdo con casi todas las demás facciones del Sector.",,,,,
pirates,FACTION,"Técnicamente no son una facción unificada, sino más bien una categoría difusa de bandidos, salteadores, desertores, saqueadores, soldados de fortuna, mercenarios y capitanes independientes que comparten una beligerancia común contra los poderes establecidos del Sector. Muchos piratas son fugitivos de la sociedad mayoritaria del Sector —por lo general oprimidos por el status quo—, polizones procedentes de los planetas centrales. La mayoría de los capitanes piratas difícilmente se llamarían a sí mismos así, sino que se ven a sí mismos como desafiantes del gobierno inepto de la Hegemonía o la Liga, buscando venganza por los agravios causados por una sociedad tan equivocada y tomando lo que pueden gracias a su astucia y audacia. Estos capitanes se caracterizan por su insaciable sed de libertad y gloria. Naturalmente, prestan poca atención a quienes llevan una baliza de identificación oficial, reservando su magnanimidad para sus compañeros de viaje: otros piratas.",,,,,
sindrian_diktat,FACTION,"El Diktat de Sindria es un régimen político fundado tras una intervención militar relativamente reciente de la Hegemonía en el sistema de Askonia, liderada por el almirante Philip Andrada, antiguo miembro de la Armada de la Hegemonía. El perfil psicológico de Andrada elaborado por la Hegemonía lo describe como «inteligente, carismático, pero propenso a excesos narcisistas». En sus propias palabras, el Diktat se «formó en el crisol de la crisis de Askonia y, con él, un nuevo pueblo: una raza de humanos con espíritu envalentonado y claridad de propósito; más fuertes, poseedores de la voluntad y la determinación para superar las divisiones y la mezquina política parlamentaria que solo engendraron caos cuando se vieron puestas a prueba por el Colapso de la red de Portales». Considerado por el sector en general como una dictadura militar.",,,,,
asharu_platform,CUSTOM,"Una zona de operaciones orbital abandonada para el proyecto de terraformación de Asharu. Segmentos de cargueros de masa desechados, soldados entre un entramado de tanques de combustible vacíos, formaban antaño vestíbulos repletos de ingenieros y colonos. Los hangares están vacíos, salvo por unos pocos cascos despojados y derrumbados. Los colectores de energía pasiva y los módulos terciarios de soporte vital mantienen la estación en funcionamiento y en órbita, a duras penas. Nadie esperaría encontrar nada de valor aquí.",,,,,
pirate_base_generic,CUSTOM,"Una base pirata donde se reúnen «aventureros», filibusteros, mercenarios y demás escoria y villanos. Suele ser un pequeño puesto avanzado escondido en los rincones oscuros entre las esferas de interés de las principales facciones. Aquí no hay leyes, pero un código no escrito de bravuconería y fanfarronería mantiene una tensa paz para que se puedan cerrar tratos, intercambiar información y vender el botín a comerciantes sin escrúpulos.",,,,,
planet_barad_a,CUSTOM,La gruesa y helada corteza de este planeta se alimenta de los criovolcanes que salpican la superficie. Estos páramos helados están surcados por grúas de lanzamiento de masa de una época en la que los elementos volátiles de este planeta se extraían a gran escala para alimentar los esfuerzos de terraformación en otras partes del sistema. Parte del antiguo equipo ha sido apropiado por bandas dispersas de mineros independientes que se ganan una mísera vida entre los glaciares de hielo de amoníaco.,,"Aunque quedan pruebas de la extracción a gran escala de elementos volátiles, la superficie de Garnir está ahora prácticamente abandonada, salvo por unas pocas empresas mineras pequeñas a menudo de carácter familiar. Se ha perdido la eficiencia de escala, pero la idea es que sin regulaciones de seguridad ni aranceles, se puede ganar una vida decente si no honrada. Desgraciadamente, este es un resultado muy poco común.",,,
pirate_base_barad,CUSTOM,"Construida originalmente por Eridani-Utopia para coordinar la extracción de volátiles para proyectos de terraformación a gran escala, la estación fue abandonada tras el colapso, cuando la tripulación y los directivos de la empresa huyeron a regímenes más civilizados. Desde entonces, la estación ha sido tomada por «aventureros», filibusteros y mercenarios que huyen de la mirada vigilante y la mano dura de la Hegemonía.",,"Aquí no hay leyes, pero un código no escrito de bravuconería y alardes mantiene una paz tensa —o, más exactamente, un alto el fuego— para que se puedan cerrar tratos, intercambiar información y vender el botín. Los mineros independientes que trabajan en las lunas de Barad se reúnen aquí para vender sus capturas, intercambiar historias fantásticas y, en general, relajarse.",,,
station_achaman_enterprise,CUSTOM,"El valor de la Estación Achaman radica en que es un puerto de escala relativamente seguro para que los diversos habitantes del cinturón de Guayota interactúen con comerciantes de todo el Sector, quienes, de otro modo, rara vez se arriesgarían a enfrentarse a los piratas y a la difícil navegación del cinturón. La Corporación Tri-Tachyon, como «cuidadora» de la estación, está bien situada para explotar su valor con facilidad —y así lo hace—. A menudo se dice que todo está a la venta en la Estación Achaman.",,"Relucientes naves de transporte traen aquí a los ejecutivos de Tri-Tach para regatear metales y productos químicos en bruto a los lugareños, quienes a cambio reciben el habitual surtido de «medicamentos» recreativos para mejorar el rendimiento. 

La Garantía de Calidad Tri-Tachyon es ley aquí: siempre que te asegures de pagar puntualmente la suscripción a los artilugios, bienes, herramientas y sistemas de soporte vital proporcionados por la Corporación Tri-Tachyon, puedes contar con recibir «¡El mejor trato, al estilo Tri-Tachyon!».",,,
planet_tibicena,CUSTOM,"Una mina a cielo abierto planetaria, la torturada corteza de Tibicena está salpicada de enormes ejemplos de equipo minero, un auténtico museo al aire libre que documenta la adaptación de la industria persea a las limitaciones de las cadenas de suministro del Sector Perseo.",,"La superficie de Tibicena está poblada únicamente por campamentos de trabajo móviles que siguen a las gigantescas máquinas mineras que arrasan con los cinturones de valiosos minerales. Los mineros trabajan en condiciones deplorables, ahorrando sus salarios para lanzarse a la órbita y disfrutar de los placeres resplandecientes de la Estación Empresarial Achaman. Eficaz y minuciosamente despojados de sus créditos y, en promedio, fuertemente endeudados, pronto encontrarán el camino de regreso al «Pozo» de Tibicena.",,,
hegemony,FACTION,"La Hegemonía es un estado sucesor marcial del Dominio formado por una «legión perdida» atrapada en un sistema remoto por el colapso de la red de portales del Dominio. Basándose en una interpretación creativa de los protocolos que extiende indefinidamente la ley marcial al estilo del Dominio, los fundadores de la Hegemonía creían que la causa primordial de restaurar el Dominio y, por lo tanto, la estabilidad, la paz y la prosperidad del Sector y, de hecho, de toda la galaxia, debía anteponerse a ciertas sutilezas de los derechos humanos. La supervivencia de la humanidad está en juego y solo la disciplina del ejército de la Hegemonía protege los planetas en los que se puede mantener una apariencia de normalidad de la civilización humana. Cualquier cosa que amenace la Gran Causa debe ser neutralizada; si hay que desanimar a unos pocos activistas por el bien común, que así sea.

Existen jerarquías civiles para gobernar los planetas y las estaciones bajo el dominio de la Hegemonía, pero están totalmente subordinadas al ejército. Los detalles de la organización civil varían de un planeta a otro, al igual que ocurría con la política del Dominio. En caso de duda, la Hegemonía aplica una carta colonial modificada de la era del Dominio para dictar la organización política. Esta jerarquía civil de carta estándar suele ser elegida, aunque, de acuerdo con la ley marcial, los candidatos válidos deben ser aprobados por la autoridad militar local. Tiempos excepcionales requieren medidas excepcionales, pero aun así la Hegemonía fomenta la llama vacilante de la democracia galáctica bajo los mismos principios que fundaron el Dominio.
 ",,,,,
tritachyon,FACTION,"La megacorporación más poderosa del Sector Perseo tras la caída de los Portales, la Corporación Tri-Tachyon se especializó en el desarrollo de IA de vanguardia (violando notablemente la prohibición del Dominio sobre la IA autónoma de nivel alpha+ en varios casos) y en dispositivos exóticos de alta potencia, incluyendo hiperpropulsores, generadores de energía, convertidores de energía, campos de fuerza y, por supuesto, armamento. Desde el Colapso, Tri-Tachyon ha diversificado sus operaciones y ha extendido sus inversiones y tecnologías aplicadas por todo el Sector Perseo. Incluso las facciones hostiles, con una justificada paranoia ante puertas traseras programadas, se ven obligadas a utilizar productos estándar de Tri-Tachyon como la omnipresente PDA TriPad. 

Desde cierta perspectiva, las peculiares características algorítmicas de automodificación de los estatutos corporativos de Tri-Tachyon podrían considerarse una forma abstracta de IA que emplea a los directivos humanos como componentes integrales, aunque este argumento filosófico nunca se resolvió con la suficiente contundencia como para condenar a la empresa por violaciones adicionales de la prohibición tecnológica.",,,,,
persean,FACTION,"Una alianza formada para contrarrestar el dominio de la Hegemonía en el Sector. Los miembros de la Liga no están necesariamente de acuerdo en todas las cuestiones, ya sean internas o de otro tipo, e incluso pueden entrar en conflicto armado entre ellos. Pero la Liga se mantiene unida cuando se trata de la Hegemonía, a la que consideran que está imponiendo ilegítimamente la ley marcial en nombre del Dominio, una entidad política desaparecida. La Liga, por sus propias leyes, se une contra otras amenazas externas, como megacorporaciones especialmente entrometidas, señores de la guerra y el Camino de Ludd. 

La Liga Persea no es intrínsecamente igualitaria ni defiende la libertad individual como tal: el propósito de la Liga es la libertad de los regímenes políticos que la componen, dejando que los asuntos de política interna de dichos regímenes se resuelvan por sus propios medios. Mientras que el Dominio podría haber intervenido en las políticas internas de los planetas que gobernaba, la Liga prohíbe específicamente tal intervención.",,,,,
independent,FACTION,"Los Independientes no son una facción unificada como tal, sino una categoría difusa de regímenes y agentes libres unificados más por su falta de asociación con una facción mayoritaria que por cualquier cualidad compartida. Los planetas independientes y los astronautas que los consideran su hogar suelen compartir datos de reputación, comercian generosamente entre ellos y cooperan de buen grado para llevar a cabo acciones militares y de seguridad a corto plazo con el fin de proteger mejor la libertad que han mantenido gracias a su colaboración. Del mismo modo, es probable que la confianza se rompa y que los Independientes se nieguen recelosos favores entre sí, compitan ferozmente y hagan la vista gorda ante la desgracia de sus vecinos.",,,,,
planet_chicomoztoc,CUSTOM,"Uno de los primeros planetas seleccionados para la colonización en el Sector Perseo, Chicomoztoc fue elegido para convertirse en un centro industrial, sede de un nexo de enormes nanoforjas. Aunque en el momento de su descubrimiento era un candidato marginal para la terraformación, el rápido desarrollo industrial inicial y la guerra posterior han dejado la atmósfera saturada de compuestos de azufre complejos, subproductos de refinería de compuestos orgánicos y una preocupante, aunque manejable, capa de actínidos.",,"La enorme población de Chicomoztoc vive en arcologías subterráneas, ciudades-colmena unidas entre sí y gobernadas a su vez por poderosos demagogos —que prometen reformas y puestos de trabajo para las masas de desempleados— o por miembros de las numerosas redes tecnocráticas y de clientelismo criminal que compiten entre sí, al servicio de su coalición de origen o, como suele ocurrir, de quienquiera que los haya comprado. Las colmenas se ven ocasionalmente bloqueadas por disturbios, protestas e insurrecciones, pero mientras las Forjas se mantengan a salvo y sigan produciendo montañas de bienes, máquinas, herramientas y cascos de naves espaciales, los señores de la Hegemonía solo interfieren ligeramente en esa gran masa de humanidad.",,,
planet_eventide,CUSTOM,"Eventide es un planeta casi sin rotación que, por lo demás, resultó ser un candidato ideal para la terraformación. En Eventide transcurre un solo día al año, o casi, lo que da lugar a noches invernales y días estivales extremos, con períodos de crepúsculo templado entre ambos. El uso juicioso de espejos y pantallas estelares permite que prevalezcan condiciones ideales en amplias zonas de territorio cuidadosamente mantenidas, donde la mayoría de la población se asienta en cantones urbanos arrendados, rodeados de vastas fincas aristocráticas.",,"Las familias más influyentes de Eventide patrocinan los espejos solares y los oclusores que mantienen las islas habitables. Los deshonrados y los pobres, por su parte, viven en las periferias crepusculares, donde deben soportar con toda su fuerza los duros cambios climáticos del lento ciclo estacional de días de verano y noches de invierno. Culturalmente conservadores, los medios de comunicación planetarios se ocupan principalmente de los rituales sociales y las maquinaciones de las familias más influyentes. El espíritu predominante en Eventide hace que se destine un número desproporcionado de oficiales al ejército de la Hegemonía.",,,
planet_coatl,CUSTOM,"Esta luna estéril de Tlalocan está atravesada por túneles, búnkeres, hangares, silos y baterías; constituye una base militar clave de la Hegemonía que controla el sistema de Aztlán sin estar tan cerca de Chicomoztoc como para verse envuelta en la política local.",,"Las marcas regulares trazan un arco a lo largo de la corteza lunar, indicando la ubicación de aquellas baterías de armas pesadas que la Hegemonía desea que la inteligencia enemiga conozca. Otras estarán ocultas en distribuciones aleatorias bajo una capa de regolito, listas para explotar hacia afuera cuando se presente una oportunidad de disparar a muerte.",,,
station_coatl,CUSTOM,"Construido en torno al núcleo de una nave semilla de la primera gran ola migratoria hacia el Sector, el Bastión Coatl ha cambiado de funciones y de nombres más veces de las que cualquier forastero se moleste en repasar. En la actualidad alberga el centro militar C3 de la Hegemonía y las instalaciones de entrenamiento para el sistema Aztlán.",,"Cadetes de rostro fresco procedentes de todo el Sector Perseo llenan los pasillos de la estación Coatl, corriendo de una tarea a otra o con aire rígidamente ansioso incluso cuando se relajan, por miedo a la reprimenda de un oficial superior —que, en esta etapa, podría ser cualquier oficial—.",,,
planet_zorrah,CUSTOM,"Toda esta luna de roca y hielo presenta cicatrices visibles desde la órbita debido a la explotación. Tradicionalmente ha sido arrendada a una u otra megacorporación para alimentar las fauces industriales de Chicomoztoc, que siempre tiene hambre pero nunca se sacia.",,,,,
planet_hanan_pacha,CUSTOM,"Un planeta crematorio devastado por un arma destruyeplanetas; las cenizas de millones de muertos siguen suspendidas en la atmósfera por tormentas que abarcan todo el planeta, alimentadas por el vulcanismo antropogénico.",,"Hanan Pacha fue arrasado por un arma destruyeplanetas durante la Segunda Guerra IA (que no involucró a la IA en sí misma como lo hizo la Primera Guerra IA, sino que se centró en el derecho a realizar inspecciones sobre el supuesto desarrollo de la IA). Se abandonó una investigación adecuada sobre los detalles de la atrocidad debido a las concesiones realizadas durante el acuerdo de paz.",,,
planet_killa,CUSTOM,"Esta luna aún lleva las cicatrices de la guerra. Las cúpulas de su principal centro metropolitano están destrozadas, y los restos de escombros siguen esparcidos en patrones radiales, expuestos al vacío absoluto. ",,"Vagas lecturas de infrarrojos procedentes de un terreno por lo demás anodino insinúan la presencia de asentamientos camuflados bajo el regolito. Sin duda hay supervivientes escondidos en Killa, aunque ningún régimen político organizado mantiene relaciones abiertas con el resto del Sector. Y, a juzgar por los cascos carbonizados de los cargueros vagabundos, los lugareños no son muy acogedores.",,,
planet_viscacha,CUSTOM,"Cuerpo celeste capturado del sistema exterior con una atmósfera densa y tóxica, esta luna recibe su nombre tanto por su rápida órbita como por una cuenca de forma divertida en el hemisferio sur.",,,,,
planet_qaras,CUSTOM,"Un planeta habitable, aunque frío, terraformado tras el Colapso por elementos abandonados de la Corporación Eridani-Utopia utilizando la infraestructura y las reservas existentes. El atractivo de Qaras nunca llegó a igualar el esplendor de Hanan Pacha hasta que este último fue arrasado de forma impactante durante la Segunda Guerra IA.",,"Durante la primera era colonial, Qaras fue un importante centro de procesamiento de volátiles y compuestos orgánicos operado por Eridani-Utopia. Tras la Segunda Guerra IA, todo el sistema fue declarado desmilitarizado y, aunque Qaras evitó la devastación, fue rápidamente tomada por una alianza de mercenarios y bandidos. A la Hegemonía no le ha merecido la pena emprender una campaña de recuperación... todavía.",,,
planet_donn,CUSTOM,"Un planeta solitario y antiguo que las primeras sondas robóticas del Sector determinaron rápidamente que no se formó en el sistema Hybrasil, sino que fue capturado por Hybrasil hace unos cientos de millones de años. Donn fue clasificado como de interés bajo a moderado debido a sus concentraciones de metales pesados de fácil acceso.",,"Aunque ocasionalmente es bombardeado por patrullas de Tri-Tachyon como demostración de fuerza para tranquilizar a los inversores, Donn resulta ser un lugar ideal para reclutar o deshacerse de los mercenarios despiadados que Tri-Tachyon necesita en tiempos de guerra —y de los que se deshace en tiempos de paz—.",,,
planet_balar,CUSTOM,"Balar es un gigante helado compuesto principalmente por agua, amoníaco y metano. La capa de nubes heladas gira casi plácidamente, salvo por una gran tormenta oscura sobre el polo sur. Se ha dedicado poco esfuerzo a investigar esta anomalía.",,,,,
planet_cethlenn,CUSTOM,"Un planeta helado de ríos de amoníaco, mesetas de hielo y glaciares de metano. Las partículas cargadas atrapadas en el campo magnético de Balar crean fantásticas auroras en la escasa atmósfera de Cethlenn. Las plataformas de extracción de materia orgánica, ocupadas estacionalmente, son atendidas por el único asentamiento permanente de Cethlenn, una ciudad construida sobre un arco único de promontorios rocosos erráticos.",,"La influencia de Tri-Tachyon es evidente en este régimen nominalmente independiente. Los anuncios holográficos y los productos de TT son omnipresentes, al igual que los créditos blanqueados a través de las empresas y la industria locales procedentes de «acuerdos» considerados ilegítimos por los tratados comerciales del Sector Perseo.",,,
planet_ena,CUSTOM,"Extrañamente densa y rocosa entre sus lunas hermanas, la superficie de Ena está surcada por rastros de gases congelados que brotan de numerosos géiseres calentados por la tensión de las mareas. Una atmósfera tenue pero visible alimenta el toro de partículas cargadas atrapadas en la poderosa magnetosfera de Balar.",,,,,
planet_crom_cruach,CUSTOM,"Este planeta es estéril y anodino, salvo por la prevalencia de compuestos de azufre poco comunes y de escaso valor económico. Durante la colonización del sistema Hybrasil, los consorcios mineros establecieron extensos astilleros para extraer mineral destinado a los hambrientos hornos de Culann. Sin embargo, el Colapso provocó la implosión de la administración civil de Crom Cruach en las batallas, tanto políticas como literales, por ejercer influencia sobre este punto estratégico cercano al mejor punto de salto interior del sistema.",,,,,
planet_culann,CUSTOM,"Las minas más antiguas y famosas de Culann se convirtieron, de forma sospechosa, poco después del Colapso en una importante base militar de Tri-Tachyon que proyecta su poder por todo el sistema interior de Hybrasil y hacia los sistemas vecinos. Se dice que los arsenales más profundos contienen armas fabulosas basadas en tecnología arcana revelada por una incomprensible epifanía de IA, aunque tras dos guerras ningún inspector de la Hegemonía ha puesto aún un pie en su interior para confirmar estos rumores.",,"Trenes de grúas de naves de alta tecnología desfilan en arcos resplandecientes sobre Culann, siguiendo a la Forja Estelar de Culann como un enjambre de crías. El planeta está fuertemente fortificado y equipado con baterías antinaves. El departamento de marketing de Tri-Tachyon consigue proyectar una imagen de bienvenida favorable a los negocios en las bahías de recepción y galerías que solo insinúa la potencia del temible armamento que se encuentra en las bodegas y suspendido en órbita.",,,
station_culann,CUSTOM,"La Forja Estelar de Culann fue fundada hace varios cientos de años como un importante centro de refinería y metalurgia en gravedad cero por una empresa cuya fortaleza residía en una cartera de ingeniosas tecnologías de conversión y almacenamiento de energía que permitían aprovechar de manera eficiente la estrella primaria cercana de Hybrasil. Esta empresa, sus propiedades y la propia Culann fueron rápidamente adquiridas por la Corporación Tri-Tachyon, que tradicionalmente ha dominado las industrias de conversión, generación y proyección de energía.",,"Los hologramas de la sala de recepción comercial muestran alegremente el producto resplandeciente y descohesionado resultante del lado equivocado de los sistemas de armas diseñados y fabricados por Tri-Tachyon. Los refrescos son gratuitos para los capitanes de naves estelares visitantes, como pronto te informa un insistente comercial.",,,
planet_eochu_bres,CUSTOM,"Terraformado en una fase tardía de la colonización del Sector Perseo, Eochu Bres es un planeta de picos y fiordos recién desgarrados por un clima violento y rápidamente cambiante. Sigue siendo más frío de lo óptimo para los terrícolas a pesar de un conjunto de espejos orbitales completado poco antes del Colapso.",,"Las relucientes arcologías de la empresa Tri-Tachyon se alzan sobre la caótica expansión de la conurbación de barrios marginales. Los asalariados de Tri-Tachyon nacen, viven y mueren protegidos por drones de seguridad en la ciudad alta de Xanadu, mientras que una clase desesperada de trabajadores contratados habita en la ciudad baja, donde se puede comprar o vender cualquier cosa, incluida la ley, sobre la que el dinero de la empresa reina supremo.",,,
inactive_gate,CUSTOM,"Un anillo silencioso de material adamantino, derelicto de una era pasada.",,,,,
active_gate,CUSTOM,"Un anillo silencioso de material adamantino. Si sabes cómo mirar —y ahora ya lo sabes—, tus sensores pueden detectar una tenue vibración procedente de dimensiones superiores.

Es como una canción que apenas se escucha, una puerta esperando a ser abierta.",,,,,
station_tigra_city,CUSTOM,Las operaciones mineras se establecieron en el Anillo de Tigra poco después de que los humanos llegaran al Sector. Las sucesivas oleadas de extracción han sido testigo de asaltos y rebeliones de mineros a lo largo de la rotación de las megacorporaciones a las que se les concedió la licencia para supervisar el funcionamiento de la Estación Tigra.,,"Los descendientes de aquellos primeros mineros se han dedicado a gestionar granjas espaciales de baja gravedad y astilleros de reparación en los yacimientos agotados y las antiguas plataformas de prospección ahora incrustadas en los anillos de la estación. La población conserva la rebeldía de sus antepasados, aunque las peleas que estallan entre los lugareños y las tripulaciones de la Armada suelen ser más bien el resultado de alardes de borrachos que de resistencia ideológica.",,,
planet_typhon,CUSTOM,Un gigante gaseoso en gran parte anodino compuesto principalmente por hidrógeno y helio. Hace algunas décadas estalló un pequeño escándalo a raíz de un científico «chivato» que afirmaba que el planeta alberga una familia de vida xenológica que emplea propiedades similares a aspectos de la tecnología phase. El científico fue internado en un centro de cuidados en Eventide y la autoridad sobre la órbita baja se cedió por completo a una administración militar de la Hegemonía.,,,,,
planet_sphinx,CUSTOM,"Fundado como centro logístico de la flota del Dominio durante la colonización inicial del Sector Perseo, se construyó una pequeña instalación de producción de combustible AM en las profundidades de Sphinx para proporcionar a la Armada del Dominio un suministro ininterrumpido de combustible en caso de rebelión local. La Hegemonía ha heredado esta perspectiva estratégica.",,"El control del tráfico es estricto y todas las naves entrantes son etiquetadas y rastreadas por baterías antinaves. La militarización se extiende a la infraestructura civil: las instalaciones de control, aunque inactivas en la actualidad, están sin embargo situadas en los principales pasos y centros de tránsito.",,,
planet_orthrus,CUSTOM,"Montañas de hielo brotan de una superficie cubierta de glaciares de metano espolvoreados por nieve de nitrógeno. Un puñado de mesetas de silicato erráticas ofrecen escasas oportunidades mineras. Orthrus, que nunca ha sido un planeta próspero, ha visto cómo su industria extractiva en su conjunto se ha sostenido durante generaciones gracias a contratos fuera del espacio de la Hegemonía.",,"Gobernado por un consejo de pequeñas empresas familiares respaldadas por inversores externos, el fénix de la Hegemonía nunca consideró oportuno acoger a Orthrus bajo su ala ardiente. Las reservas de recursos son demasiado escasas, su valor estratégico se ve eclipsado por la luna militarizada de Sphinx, y el régimen resulta demasiado útil como símbolo del supuesto respeto de la Hegemonía por los planetas independientes como para integrarlo plenamente.",,,
station_chupi_orco,CUSTOM,"Lo que una vez fue una gigantesca máquina industrial que manipulaba la magnetosfera de Chupi Orco para extraer volátiles al espacio desde las cotas más altas de un sistema de tormentas artificial, ahora tiene las bobinas, los generadores y los tanques destrozados, y los hábitats atravesados por lanzas de energía. Algunos hangares y túneles de acceso aún muestran una mínima función de soporte vital, perdurando lastimosamente hasta que la inevitable fuga de gas y la obstrucción de las células solares dejen la estación tan fría y muerta como la tumba que es. ",,,,,
lava_minor,PLANET,Un planeta geológicamente inestable sin una corteza formada de forma permanente. Fisuras incandescentes y volcanes activos salpican la superficie; el magma que expulsan se combina para formar corrientes que recorren cientos de kilómetros a través de la superficie carbonizada.,,,,,
planet_ithaca,CUSTOM,"Un planeta antiguo y árido con un campo magnético prácticamente inexistente, Ithaca fue, no obstante, considerada una buena candidata por la Corporación de Terraformación Eridani-Utopia. Tras miles de millones de años de silencio, la Estrella de Penélope se convirtió en un hervidero de actividad para impulsar la transformación de Ithaca y su planeta hermano, Ogygia, solo para verse sumida en un caos total por el Colapso.",,"Un sondeo de la superficie revela un puñado de emplazamientos temporales, presumiblemente laboratorios de planetología, sitios de sondeo geológico y unas pocas minas a cielo abierto. Pequeñas estaciones meteorológicas robóticas emiten ocasionalmente una débil y inútil señal de radio; los instrumentos han quedado inutilizados por las tormentas de polvo.  ",,,
planet_ogygia,CUSTOM,"Ogygia, un planeta pequeño y estéril cuya superficie lleva las huellas de un impacto verdaderamente catastrófico y relativamente reciente, se consideraba un candidato secundario interesante para la terraformación debido a la infraestructura que se estaba construyendo en todo el sistema para su planeta hermano, Ithaca. El Colapso puso fin a estos planes.",,"Un impacto de gran magnitud ha dejado gran parte de un hemisferio entero de Ogygia convertido en un mar de lava fría hundido varias decenas de kilómetros por debajo de la elevación media. Poco queda de la presencia humana, salvo cimientos despojados y, curiosamente, la mitad del casco de un acorazado de clase Onslaught al rojo vivo en el fondo de un cañón fracturado.",,,
station_telepylus,CUSTOM,"Una vasta estación orbital construida alrededor del núcleo de una antigua nave semilla de la era de la Expansión, enterrada bajo un bosque de hangares modulares, vainas industriales y anillos habitables. Esta estación fue en su día la zona de operaciones para las naves de servicio de asteroides y las refinerías móviles que surcaban el sistema exterior. Ahora está completamente muerta.",,"Los reactores principales y todos los componentes industriales valiosos han sido desmantelados —y a toda prisa, a juzgar por los extensos daños secundarios—. Los sistemas de respaldo pasivos quedaron inutilizados por el proceso y la estación está demasiado lejos del reactor principal como para recibir energía suficiente para mantener el soporte vital. Un pequeño aviso en tu ordenador de navegación te informa de que la órbita de la estación se está desintegrando y que se quemará en la atmósfera de Telepylus en menos de quinientos ciclos.
No es aconsejable acoplarse a la estación.",,,
planet_ismara,CUSTOM,"Ismara, un planeta gélido como una bola de hielo, era el lugar perfecto para instalar minas e instalaciones de propulsión de masa con el fin de lanzar bloques de megatoneladas de agua y nitrógeno recubiertos de grafeno hacia el sistema interior para nutrir los planetas rocosos de la Estrella de Penélope.",,"Desde la órbita, las cicatrices de las vías lineales de los propulsores de masa son fácilmente visibles, aunque un sondeo más detallado revela que lo único que queda son filas de columnas de soporte deformadas que brotan del regocrete; las bobinas superconductoras y otros equipos valiosos fueron saqueados hace mucho tiempo. Del mismo modo, las cúpulas de las plantas de fusión y las fábricas se han abierto a la escasa atmósfera, y la extensión de las redes de hábitats muertos se ve cada vez más oscurecida con cada ciclo que pasa por las corrientes de metano.",,,
planet_nortia,CUSTOM,"Nortia, un planetoide metálico/silicato grande pero por lo demás anónimo atrapado en el punto L4 del gigante gaseoso Salus, se dedicaba en su día a operaciones mineras robóticas estacionales y al abuso de sustancias antes de verse inundado de refugiados durante la Crisis de Askonia. Ahora constituye la base independiente más fuerte de los rebeldes Cartistas en el sistema.",,"Desde la Crisis, los centros mineros y de refinería de Nortia se han convertido en extensos y tumorosos suburbios de roca-espuma; aquí se extienden túneles mineros bajo la superficie, allí brotan redes de comunicaciones, colectores solares y cúpulas de presión. El gobierno civil se lleva a cabo en forma de un acuerdo inestable entre las fuerzas de resistencia cartistas subterráneas (organizadas en una estructura dual de jerarquía militar y células) que respaldan a un cártel de contrabandistas independientes en la superficie que fingen ser un gobierno legítimo —el cual incluso cuenta con algo parecido a una presencia diplomática de la Hegemonía—. ",,,
planet_druj,CUSTOM,"Un planeta muerto y estéril, aunque con un campo magnético apreciable que sugiere un núcleo metálico diferenciado. Las tormentas iónicas desatadas por Aka Mainyu llueven sobre Druj con espectaculares partículas de alta energía, arrasando con los elementos volátiles y dejando arcos oscuros de hierro en nanofase en el regolito.",,,,,
planet_aka_mainyu,CUSTOM,"Con su rotación sincronizada con la de su estrella principal, el costado diurno del gigante gaseoso caliente Aka Mainyu es un eterno remolino infernal con vientos de metales vaporizados que alcanzan velocidades de miles de kilómetros por hora. Cada segundo se expulsan medio millón de toneladas de gas ionizado de la atmósfera, creando una compleja cola magnética en espiral con efectos detectables en todo el volumen interior del sistema Duzahk. ",,,,,
toxic_cold,PLANET,"Un planeta helado envuelto por una espesa niebla de nitrógeno salpicada de nubes de etano y metano. La superficie está formada por hielo erosionado, dunas de compuestos orgánicos azotadas por el viento y mares de hidrocarburos. El agua líquida brota burbujeando con metano de los criovolcanes con propulsión por calentamiento por mareas y desintegración de elementos radiactivos en las profundidades del manto.",,,,,
slipstream,TERRAIN,"Una corriente en el hiperespacio, similar a aquellas corrientes navegadas por los antiguos marineros en la Vieja Tierra.",,,,,
nebula,TERRAIN,"Nubes interestelares de hidrógeno, helio y polvo que causan un ruido significativo en los sensores, lo que puede ayudar a que una flota se oculte en su interior. El medio (relativamente) denso también interfiere con el funcionamiento del campo de propulsión.",,,,,
event_horizon,TERRAIN,El flujo gravitacional cerca del horizonte de sucesos de un agujero negro es extremo.,,,,,
pulsar_beam,TERRAIN,Un chorro relativista y magnetizado combinado con radiación intensa. Emitido habitualmente por estrellas de neutrones.,,,,,
corona,TERRAIN,Un halo de plasma a alta temperatura que rodea a una estrella; la mayoría de las naves no están construidas para soportar una exposición prolongada al bombardeo de radiación extrema procedente de la corona y sufrirán daños si permanecen dentro de ella.,,,,,
corona_aka_mainyu,TERRAIN,Una tormenta de iones de alta energía y fluctuaciones magnéticas excepcionalmente fuertes. La mayoría de las naves no están diseñadas para soportar una exposición prolongada a un bombardeo de radiación tan extremo y sufrirán daños si permanecen dentro de ella.,,,,,
asteroid_belt,TERRAIN,Zona orbital repleta de asteroides.,,,,,
ring,TERRAIN,"Un denso cinturón de polvo o hielo que provoca una gran cantidad de ruido en los sensores, lo que ayuda a que una flota se oculte en su interior. El medio no tiene la densidad suficiente para ralentizar significativamente a las naves.",,,,,
debris_field,TERRAIN,"Escombros que quedan tras una batalla, una operación de salvamento o que simplemente flotan juntos en una ubicación estable.",,,,,
asteroid_field,TERRAIN,Un volumen de espacio repleto de asteroides.,,,,,
magnetic_field,TERRAIN,Un fuerte campo magnético que atrapa partículas cargadas de alta energía. Es extremadamente difícil obtener lecturas de los sensores de una flota que se esconda en su interior.,,,,,
hyperspace_normal,TERRAIN,"Este medio topológicamente exótico, que no es exactamente el espacio-tiempo, es utilizado por las naves estelares para eludir las restricciones que la geometría euclidiana impone a los viajes interestelares.",,,,,
hyperspace_deep,TERRAIN,"Este volumen del hiperespacio es particularmente caótico, lo que dificulta el funcionamiento incluso de los equipos calibrados para el hiperespacio.",,,,,
hyperspace_storm,TERRAIN,Este volumen del hiperespacio está sufriendo cambios de fase caóticos que provocan cascadas de resonancia que fluctúan violentamente. Las antiguas y graves advertencias sobre la exposición prolongada a las llamadas «tormentas del hiperespacio» se han transmitido de generación en generación entre los astronautas.,,,,,
hyperspace_abyssal,TERRAIN,"El hiperespacio abisal, casi impenetrable para los sensores y que ejerce una enorme presión sobre el campo de propulsión. Es el tema de muchas de las viejas historias de astronautas, que se suelen restar importancia con una risa en la comodidad de un bar de puerto.",,,,,
stellar_mirror,CUSTOM,Una red de espejos orbitales ultraligeros utilizada para reflejar y concentrar la energía solar. Los espejos estelares son una herramienta común de terraformación y el arte de su uso alcanzó su apogeo de la mano de la corporación Eridani-Utopia durante la edad de oro de la fase de expansión del Dominio.,,,,,
stellar_shade,CUSTOM,Una red orbital ultraligera de oclusores estelares utilizados para desviar y recoger energía solar. Los oclusores estelares son una herramienta común de terraformación y el arte de su uso alcanzó su apogeo de la mano de la corporación Eridani-Utopia durante la edad de oro de la fase de expansión del Dominio.,,,,,
kite,SHIP,"Con un diseño civil muy familiar, el aerolanzadera de clase «Cometa» es un recordatorio diario de la reputación de Fabrique Orbitale en ingeniería aeronáutica, una valiosa especialidad incluso en la era de los viajes espaciales. Esta compacta nave espacial/aérea tiene una forma aerodinámica para un vuelo atmosférico eficiente y cuenta con una red de propulsores de maniobra de ráfaga corta distribuidos inteligentemente, coordinados por un subsistema de IA de nivel delta para garantizar aterrizajes suaves (un punto que el departamento de marketing de Fabrique ha sabido destacar mediante divertidos anuncios holográficos en los que aparecen una pareja bien vestida y una copa de vino rebosante). El Cometa cuenta con motores potentes para una nave civil de su tamaño, aunque su maniobrabilidad en gravedad cero deja algo que desear cuando el subsistema especial no está activado.

En los peligrosos ciclos posteriores al Colapso, el Cometa ha sido equipado con una torreta de defensa en lugar de la cúpula de observación de clase ejecutiva, y las dos vainas auxiliares han sido sustituidas por sistemas de misiles (que no necesitan recurrir al limitado generador de energía). No se mantendrá en pie en un combate justo, pero al Cometa se le pueden dotar de una potencia inesperada y utilizar su velocidad para escapar de los asaltantes. Se sabe que los radicales del Camino de Ludd han llegado a utilizar Cometas modificados para lanzar armas de asalto contra cargueros indefensos, tras lo cual activan el subsistema de maniobra para realizar un enfrentamiento y evitar la ira de la escolta de sus víctimas.",,,,,
gryphon,SHIP,"El Grifo es un crucero de misiles especializado diseñado para proporcionar una plataforma de gran movilidad para el apoyo de fuego pesado. No es un crucero de primera línea, por lo que funciona mejor cuando cuenta con escolta.

Entre la llamada «ola de la Escuela de Cruceros» de naves diseñadas por Altair Exotech, el Grifo fue un componente clave de la estrategia de proyección de poder que se puso de moda poco antes del colapso del sistema Portal. El Grifo estaba destinado a permitir que un comandante de destacamento especial concentrara rápidamente ráfagas de potencia de fuego pesada especializada, formando un martillo devastador para el yunque de los cruceros y destructores de clase de asalto. Así reza, al menos, el manual táctico de la era del Dominio.

De especial interés es la nanoforja de misiles integrada en el casco del Grifo: este sistema de nanoforja de arquitectura fija permite la conversión extremadamente rápida de materia prima preformulada y densamente compactada en un alcance reducido de municiones en pleno combate. Esto permite al Grifo convertir eficazmente masa concentrada en el armamento deseado, lo que permite el reabastecimiento de las reservas de misiles en medio de la batalla. El flux de salida de este proceso es, por supuesto, tremendo, por lo que no es aconsejable que los capitanes que confían en sus escudos para bloquear el fuego enemigo se enfrenten al sistema de nanoforja de misiles integrado.",,,,,
hammer,WEAPON,"Este cohete de disparo no guiado era omnipresente en el Sector Perseo pre-Colapso debido a las aplicaciones civiles impulsadas por los mineros de asteroides. El Martillo, arma de asalto por excelencia de quienes carecen de equipamiento, es empleado con mayor frecuencia por milicias independientes pobres, piratas y, especialmente, por el Camino de Ludd. Esto ha dado lugar al nombre alternativo, ligeramente blasfemo, de «Martillo de Ludd».",,,,,
hammer_single,WEAPON,"Este cohete de disparo no guiado era omnipresente en el Sector Perseo pre-Colapso debido a las aplicaciones pioneras de los mineros de asteroides. El Martillo, arma de asalto por excelencia de quienes carecen de equipamiento, es empleado a menudo por milicias independientes pobres, piratas y, especialmente, por el Camino de Ludd. Esto ha dado lugar al nombre alternativo, ligeramente blasfemo, de «Martillo de Ludd».",,,,,
hammerrack,WEAPON,"Este cohete de disparo no guiado era omnipresente en el Sector Perseo pre-Colapso debido a las aplicaciones pioneras de los mineros de asteroides. El Martillo, arma de asalto por excelencia de quienes carecen de equipamiento, es empleado a menudo por milicias independientes pobres, piratas y, especialmente, por el Camino de Ludd. Esto ha dado lugar al nombre alternativo, ligeramente blasfemo, de «Martillo de Ludd».

El soporte Lluvia de Martillos ofrece un ejemplo conmovedor de la conveniencia de la cantidad.",,,,,
jackhammer,WEAPON,"Este cohete de disparo no guiado era omnipresente en el Sector Perseo pre-Colapso debido a las aplicaciones pioneras de los mineros de asteroides. El Martillo, arma de asalto por excelencia de quienes carecen de equipamiento, es empleado a menudo por milicias independientes pobres, piratas y, especialmente, por el Camino de Ludd. Esto ha dado lugar al nombre alternativo, ligeramente blasfemo, de «Martillo de Ludd».

Este soporte concreto de tres disparos se ganó su nombre cuando algún astuto astronauta descubrió cómo modificar el ciclador de cargador civil para convertirlo en una salva de uno, dos, tres disparos capaz de sacudir el casco. La modificación se extendió por el Sector prácticamente de la noche a la mañana.",,,,,
squall,WEAPON,"Misiles antiescudo de medio alcance destinados a utilizarse en la ronda inicial de un combate para inutilizar los escudos de un oponente desprevenido, lo que abre una oportunidad para realizar el despliegue de proyectiles antiblindaje de alto daño inmediatamente después de la salva de Borrasca.

Los lanzamisiles intercambiables se diseñaron para facilitar la recarga rápida de la impresionante salva de 20 disparos de la Borrasca, pero la gran masa de las vainas y la mecánica delicada de los cargadores automáticos de misiles hacen que el proceso resulte engorroso y que la sincronización quede algo por debajo de las especificaciones originales de la Armada del Dominio. No obstante, la Borrasca es un arma aterradora cuando se realiza el despliegue contra combatientes que dependen de escudos, ya que obliga a un capitán con un sistema de defensa antiaérea insuficiente a desactivar sus escudos o a someterse a un alto flux de escudos que puede provocar una sobrecarga. ",,,,,
locust,WEAPON,"Un sistema de misiles guiados de gran tamaño y corto alcance diseñado para lanzar un gran número de proyectiles con el fin de abrumar y neutralizar a los escuadrones de cazas enemigos de un solo golpe. La Langosta puede utilizarse contra objetivos de mayor tamaño, pero tendrá un efecto relativamente escaso a menos que los escudos y el blindaje ya hayan sido perforados.

La Langosta lanza ráfagas de treinta misiles pequeños por salva. Unos robustos sistemas de seguimiento individuales de baja potencia se coordinan mediante un sistema de inteligencia colectiva distribuida para permitir un excelente seguimiento de los objetivos, mientras que unos micropropulsores químicos proporcionan maniobrabilidad durante un breve periodo de tiempo. Los algoritmos de puntería probados y contrastados, basados en los antiguos sistemas de misiles Enjambre, hacen que las Langostas rara vez fallen el blanco. La Langosta se ha ganado a pulso un lugar en las pesadillas de los pilotos de caza.",,,,,
forgevats,SHIP_SYSTEM,"Un sistema de nanoforja de arquitectura fija que permite la conversión rápida de materia prima preformulada en munición de misiles durante el combate. La producción de flux de este proceso es enorme, por lo que no es recomendable iniciar un enfrentamiento con el sistema integrado de nanoforja de misiles mientras se recibe fuego enemigo.",Especial,Repone parte de la munición de misiles cuando se utiliza y genera una gran cantidad de flux.,,"La cantidad de misiles recargados es igual a la capacidad de munición base de cada arma, antes de aplicar cualquier modificador de habilidades o modificaciones del casco.",
forgevats_station,SHIP_SYSTEM,Un sistema de nanoforja de arquitectura fija que permite la conversión rápida de materia prima preformulada en munición de misiles durante el combate.,Especial,Repone parte de la munición de misiles cuando se utiliza.,,"La cantidad de misiles recargados es igual a la capacidad de munición base de cada arma, antes de aplicar cualquier modificador de habilidades o modificaciones del casco.",
starliner,SHIP,"Un transatlántico de una era más civilizada, el Mbaye-Gogol 440 «Starliner» fue construido para viajar entre los sistemas del Dominio con rapidez y comodidad. El Starliner cuenta con camarotes privados de primera clase, dos clases de servicio de alimentos, un teatro de gravedad cero e incluso una pequeña bahía de aterrizaje/despegue para uso exclusivo de los pasajeros de clase ejecutiva. (Al ser una nave civil, por supuesto, no hay instalaciones para la reparación y el rearmamento de cazas).

El Starliner está equipado con un escudo de proa para garantizar la seguridad de los pasajeros y proteger el casco de la abrasión habitual. Reacondicionada para las realidades actuales del Sector, esta clase de nave suele estar equipada con lanzadores de bengalas antimisiles de todas las bandas, así como con varias torretas de cañones; esto sirve no solo para evocar una sensación de aventura, sino también para disuadir la piratería ocasional, al tiempo que justifica un «recargo por municiones» en cada venta de billete.",,,,,
nebula,SHIP,"El casco voluminoso pero desgarbado del Mbaye-Gogol 430 «Nébula» no contribuye mucho a realzar el romanticismo de los viajes interestelares, pero sí garantiza una capacidad de pasajeros y un cargamento respetable para una nave de su clase. De hecho, el Nébula ha ido dominando poco a poco el servicio de pasajeros de gama media desde la tibia acogida de su primera línea de producción.

El Nébula está equipado con un escudo orientado hacia delante para mejorar la seguridad de los pasajeros y alargar el intervalo de mantenimiento del blindaje del casco. Y dada la situación del Sector, se han instalado varias torretas balísticas y lanzadores de señuelos antimisiles de todas las bandas en lugares estratégicos para garantizar a los pasajeros de pago que su bienestar es una prioridad máxima para el operador.",,,,,
mudskipper,SHIP,"Aunque se utiliza más comúnmente como transbordador interplanetario, el Saltarín es, de hecho, apto para vuelos interestelares. La nave no cuenta con un generador de escudo integrado, por lo que debe confiar en su blindaje —resistente para ser una nave civil— para proteger a los pasajeros y el cargamento. El Saltarín tiene pocas esperanzas en combate, pero suele estar equipado con una torreta orientada hacia la parte trasera para frustrar los ataques del siempre popular misil Salamandra.

Se fabricó inicialmente como clase «Pegaso», pero debido a una reclamación de marca registrada se volvió a su código de modelo en la documentación oficial. Los operadores bautizaron rápidamente al modelo MGA-220 con el nombre de «Saltarín» y el nombre se quedó. Esta pequeña y resistente nave ha sido un pilar del transporte civil en zonas remotas durante siglos y, aunque no es bonita, su construcción robusta simplifica el mantenimiento y sus generosas puertas de la bahía permiten una gran versatilidad. Hasta ese momento, la imagen del Saltarín en la mente del público se había consolidado gracias a una secuencia de holovídeo algo inverosímil en la que se veía a un Saltarín transportando un rebaño de bóvidos a un pintoresco planeta árido terraformado.",,,,,
scarab,SHIP,"El Escarabajo es un casco experimental poco común desarrollado por la corporación Tri-Tachyon. Solo se ha producido una serie limitada de prototipos.

La tecnología que viola la causalidad bruta fue prohibida por el Dominio, y esta prohibición se mantiene ahora en virtud de la doctrina de la Hegemonía, con el apoyo de los luditas. No obstante, son los pocos ejemplos marginales de esta tecnología los que constituyen la base de la civilización humana interestelar, desde el antiguo sistema de los Portales (dependiendo de la teoría que se tenga sobre su funcionamiento) hasta los viajes y las comunicaciones hiperespaciales FTL habituales. Tri-Tachyon siempre ha llevado al límite estas tecnologías —y la ley— al encabezar el desarrollo de la tecnología phase. El sistema prototipo «Salto Temporal», integrado de forma única en el casco del Escarabajo, no es una excepción. 

Así pues, no es tanto que el Escarabajo manipule el tiempo como que elude la velocidad normal de las consecuencias del marco de referencia local. El efecto, tan perturbador para los teólogos luditas como para los laicos, es el de ralentizar aparentemente el tiempo para el mundo exterior. Por supuesto, hay que evitar expresarlo así al alcance del oído de los físicos temporales aplicados que se ocupan de tales milagros, para evitar una tediosa corrección terminológica. ",,,,,
centurion,SHIP,"El Centurión, una fragata de combate sólida y pesada, es fiable a la hora de cubrir y mantener huecos en la línea de batalla, según la doctrina de la era del Dominio practicada por el estado sucesor del Grupo de Combate XIV.

El Centurión es valorado por su versatilidad, gracias a una gran cantidad de ranuras para armas híbridas y a un campo amortiguador integrado que le permite hacer caso omiso de la temible potencia de fuego a la que sin duda se enfrentará en combate.",,,,,
wayfarer,SHIP,"Con un blindaje y un armamento respetables para una fragata pesada, el Viajero no se ajusta a la economía despiadada que la haría idónea para el comercio a granel en las rutas dedicadas donde la seguridad está garantizada por un entorno civilizado (o, al menos, una escolta armada). No, el Viajero es una nave estelar para las travesías solitarias en la frontera, entre planetas donde reina la dura ley de la necesidad, donde merodean los bandidos, y donde los arcos cruzados de los propios cañones son el mejor consuelo que se puede encontrar en la fría inmensidad del espacio. ",,,,,
ionpulser,WEAPON,"Construida para mejorar la potencia de fuego, esta versión mejorada del cañón iónico emite un pulso electromagnético (EMP) capaz de inutilizar rápidamente los sistemas y motores enemigos, infligiendo graves daños y provocando arcos eléctricos en los módulos cercanos a los puntos de impacto.

El medio de ganancia no estándar del pulsor iónico proyecta materia bariónica altamente ionizada en un rayo coherente a través de uno de los tres aparatos aceleradores lineales giratorios. Cuando el rayo iónico impacta en el objetivo, crea un campo magnético localizado que causa estragos en todo tipo de sistemas electrónicos, incluidos sensores, encendedores de combustible, módulos de puntería, ordenadores, etc. El arma también funde ciertos circuitos y puede sobrecargar ligeramente los generadores de escudos, por lo que causa una cantidad insignificante de daño permanente. Rara vez es el único tipo de arma equipado en las naves.",,,,,
ionbeam,WEAPON,"El rayo iónico, un arma de apoyo de largo alcance, es capaz de disparar arcos EMP cada vez más disruptivos a través de los escudos a medida que aumentan los niveles de flux duro del objetivo, a un elevado coste de flux para la nave que dispara.

Tras la entrega del Pulsor Iónico en los campos de pruebas de Chernabog, las pruebas de disparo y las simulaciones tácticas concluyeron que el sistema de armas no era adecuado para la función descrita en la licitación original ganada por Bhilai Exospace. Se dedujo una fuerte penalización de la tarifa de entrega y se envió de vuelta a los ingenieros para que fabricaran un arma de energía cargada con suficiente alcance para ser montada en plataformas de combate que se esperaba situar detrás, en lugar de en primera línea de combate. Seis meses después, entregaron el rayo de iones.

El Rayo Iónico de largo alcance emplea un patrón de ganancia de vanguardia que se entiende mejor como una forma de geometría difractada proyectada en el espacio normal. Aunque difícil de fabricar, esta construcción única permite, no obstante, la proyección a largo alcance de materia bariónica altamente ionizada en un haz coherente conocido por causar estragos en todo tipo de dispositivos electrónicos, incluidos sensores, encendedores de combustible, módulos de puntería, ordenadores, etc., aunque causa un daño permanente insignificante. Cuando se utiliza contra un objetivo de alto flux, el rayo iónico puede acumular ocasionalmente una carga que atravesará por completo los escudos de energía, ya que la acumulación de partículas cargadas interfiere con el ciclo de difusión del escudo.",,,,,
mora,SHIP,"Esta clase de portaaviones estaba comisionada durante el mismo periodo de la doctrina naval del Dominio centrada en los portaaviones que el omnipresente caza Garra. Blindado para soportar la furia de la batalla junto al Onslaught, el Mora fue, no obstante, dado de baja en masa cuando la doctrina cambió para favorecer a los cañones más pesados y a las naves capitales flanqueadas por cruceros de línea. 

Los cascos desmilitarizados se vendieron y se convirtieron en plataformas industriales móviles para su uso en las fronteras del Dominio. El robusto y eminentemente adaptable Mora era una vista habitual en el sondeo a larga distancia, la minería, la construcción, el manejo de drones y su uso como diques secos móviles. Algunos cascos llegaron incluso a quedar semienterrados en planetas alienígenas y se utilizaron como centrales eléctricas blindadas y talleres para formar el núcleo de nuevos asentamientos.

Tras el Colapso, los cascos Mora fueron remilitarizados con una rapidez casi sospechosa por facciones que no poseían portaaviones específicos para la flota. Hoy en día son un yunque sobre el que se rompe a más de un desprevenido señor de la guerra pirata.",,,,,
accretion,TERRAIN,"Un río de roca, polvo y gas gira en espiral hacia el interior, rumbo a la aniquilación.",,,,,
planet_gelan,CUSTOM,"Un planeta grande y relativamente masivo en órbita cercana a su estrella principal; el viento estelar ha arrastrado los elementos más ligeros, dejando que el dióxido de carbono y el dióxido de azufre dominen la atmósfera. El sudario mortal de gas venenoso crea un efecto invernadero descontrolado que, sumado a la aplastante gravedad, garantiza unas condiciones superficiales extremadamente inhóspitas.",,,,,
planet_mairaath,CUSTOM,"Mairaath fue devastado por una operación coordinada del Camino de Ludd en el ciclo 82, que convirtió sus impresionantes ciudades-estación orbitales en armas lanzadas contra la superficie fantásticamente terraformada. Lo que queda es un planeta carbonizado y destrozado, donde los patrones climáticos cuidadosamente cultivados por la gran camarilla terraformadora mayasurana se han transformado en tormentas de pesadilla que rodean el globo, removiendo para siempre las cenizas de un planeta asesinado.",,"Incluso tras su ruina apocalíptica, la humanidad sigue aferrándose a la superficie de Mairaath, apiñada en los cascarones destrozados de grandes ciudades derrocadas, azotadas por tormentas interminables.",,,
derelict_probe,CUSTOM,"Un ejemplo de una de las incontables miles de naves sonda robóticas enviadas a la galaxia por el Dominio para encontrar nuevos recursos que explotar, planetas que colonizar y explorar lo desconocido. Algunas variantes son producidas por naves nodrizas automatizadas. Este ejemplar parece estar inactivo; picado por pequeños impactos, su casco muestra un brillo iridiscente debido a las temibles cicatrices de la radiación. La fabricación de esta sonda bien podría remontarse a mil ciclos atrás.",,,,,
derelict_surveyship,CUSTOM,"Una nave de exploración automatizada de una oleada de exploración del Dominio ya muy lejana. Miles de naves como esta fueron enviadas en oleadas, algunas de forma independiente, otras adscritas a (o fabricadas por) naves nodrizas igualmente automatizadas tras la primera oleada de sondas robóticas. Este casco aparentemente inactivo ha sido devastado por siglos de exposición a partículas cargadas e impactos a alta velocidad de polvo interestelar.",,,,,
derelict_mothership,CUSTOM,"Una de las legendarias naves nodrizas exploradoras, la silenciosa bestia de carga automatizada del esfuerzo de sondeo y colonización del Dominio. Se trata, en esencia, de una sonda von Neumann, ya que las naves nodrizas exploradoras cuentan con capacidad de autoforja para fabricar un conjunto de naves de sondeo más pequeñas y los suministros necesarios para llevar a cabo su misión en curso. Este ejemplar está quemado y maltrecho por sus siglos de servicio al Dominio, un casco a la deriva y olvidado.",,,,,
station_derelict_survey_mothership,SHIP,"Una de las legendarias naves nodrizas exploradoras, la silenciosa bestia de carga automatizada del esfuerzo de sondeo y colonización del Dominio. Se trata, en esencia, de una sonda von Neumann, ya que las naves nodrizas exploradoras cuentan con capacidad de autoforja para fabricar un conjunto de naves de sondeo más pequeñas y los suministros necesarios para llevar a cabo su misión en curso. Este ejemplar está quemado y maltrecho por sus siglos de servicio al Dominio, un casco a la deriva y olvidado.",,,,,
derelict_gatehauler,CUSTOM,"Una enorme nave estelar automatizada encargada de transportar los Portales utilizados para establecer conexiones casi instantáneas entre sistemas estelares. Tras recorrer innumerables ciclos solitarios, el Portal se instalaba en un nuevo sistema y se activaba para vomitar una explosión de recién llegados en busca de recursos, datos y experiencias con los que alimentar la gran cultura y economía del Dominio.",,,,,
derelict_seedship,CUSTOM,"Siembra planetas prometedores con un conjunto de formas de vida para poner en marcha los procesos que mantienen un entorno terrestre, desde líquenes resistentes hasta simples algas, pasando por cápsulas criogénicas que liberan formas de vida más avanzadas a medida que mejoran las condiciones planetarias. La nave semilla abandonará el planeta para recolectar nuevos materiales de pequeños asteroides, fabricar un nuevo kit de inicio para la terraformación y pasar al siguiente objetivo.",,,,,
derelict_cryosleeper,CUSTOM,"Esta es una de las enormes naves de leyenda que transportaron a millones de emigrantes humanos desde los sistemas centrales del Dominio hacia las grandes fronteras que se extienden desde el Brazo de Sagitario hasta el Brazo de Orión. A juzgar por la débil pero estable lectura EM de los sensores, muchos de los ataúdes durmientes siguen siendo viables incluso después de tantos cientos de ciclos aquí, en las costas salvajes de Perseo.",,,,,
coronal_tap,CUSTOM,"Esta clase de megaestructura impulsó en su día el inconmensurable poderío industrial del Dominio, situando a la civilización humana muy cerca del estatus de tipo II de Kardashev. Es capaz de extraer energía a una escala astronómica directamente de la estrella conectada. Perder el control de una Hiperaguja Coronal activa sin seguir los procedimientos de apagado adecuados puede resultar desastroso.",,,,,
cargo_pods,CUSTOM,"Un grupo de contenedores de carga a la deriva en el espacio. Estos pueden contener mercancías valiosas que se pueden recuperar, o incluso tripulaciones criogenizadas que se pueden rescatar.",,,,,
cryopods,CUSTOM,Un grupo de cápsulas criogénicas a la deriva en el espacio. Es probable que contengan a la tripulación criogenizada que pueda ser rescatada.,,,,,
supply_cache,CUSTOM,"Un alijo de suministros, armas u otro equipo, a la deriva y olvidado... hasta ahora.",,,,,
hidden_cache,CUSTOM,"Un alijo escondido en un pozo profundo dentro de un gran asteroide, sin indicios de lo que pueda haber en su interior.",,,,,
weapon_cache,CUSTOM,Estos contenedores de carga a la deriva emiten lecturas peculiares propias del armamento de las naves espaciales.,,,,,
,,,,,,,
mairaath_station1,CUSTOM,"Destruida en el ataque a Mairaath del Ciclo 82, esta fría ruina de la antigua astropolis permanece en órbita envuelta en una nube de sus propios escombros.",,,,,
mairaath_station2,CUSTOM,"Antiguamente una de las tres astropoli de Mairaath, esta estación fue embestida por un petrolero de clase Prometeo y arrancada de su órbita dejando tras de sí una estela de fuego de fusión y polvo radiactivo. Desde entonces ha sido tomada por carroñeros y convertida en un refugio pirata.",,"Los daños causados a esta estación son evidentes desde lejos, y aún más espantosos de cerca. Un breve escáner de radiación arroja lecturas alarmantemente altas, pero los refugiados, desesperados y bandidos que consideran esta estación su hogar parecen tener preocupaciones más urgentes.",,,
planet_mazalot,CUSTOM,"Centro cívico del sistema Zagan, Mazalot es, no obstante, un régimen pobre e inestable conocido por una serie de gobiernos autoritarios que alternan entre complacer y oprimir a la población ludita mayoritaria. El planeta en sí es un ejemplo de terraformación exitosa, aunque pobre en agua. La instalación y el mantenimiento de infraestructura orbital resultan complicados debido a un campo magnético excepcionalmente fuerte. Esto ha contribuido poco a estabilizar a la población de mentalidad independiente.",,"Aunque es un núcleo de población en el sistema Zagan, y de hecho demográficamente significativo en el Sector en su conjunto, Mazalot es un eslabón débil entre los planetas de la Liga Persea, a menudo escenario de golpes de Estado y guerras por poder. Ocasionalmente llega al poder un régimen benévolo, pero es derrocado rápidamente por alguna fuerza externa en el largo juego entre la Liga y otras facciones importantes.",,,
planet_yesod,CUSTOM,"Este planeta frío y silencioso de mesetas rocosas surcadas por glaciares dormidos ha sido fortificado por la Liga Persea para proteger su instalación de combustible AM. Sin embargo, la producción nunca alcanzó su plena capacidad debido a la falta de inversión de capital tras el Colapso. Se instauró una política de libre comercio para apaciguar a los operadores civiles a pesar de las objeciones del gobierno de Mazalot, fuera cual fuera.",,"En lo que respecta a Yesod, las principales Casas de la Liga solo coinciden en que Tri-Tachyon no debe hacerse con un punto de partida en el planeta —o, al menos, es importante aparentar apoyar esta política anti-Tri-Tachyon en público—. En un punto muerto debido a intereses contrapuestos con poder de veto efectivo, el pleno potencial de Yesod sigue sin explotarse.",,,
planet_ilm,CUSTOM,"Independientemente de quién gobierne Mazalot, en Ilm hay dinero que ganar en las fábricas y en los campos de hielo, cuyas exportaciones aportan capital a este pobre sistema. Los jóvenes de Mazalot vienen aquí a trabajar y a enviar sus sueldos a casa, y muchos se desvían de las enseñanzas de Ludd. A pesar de ello, Ilm consigue evitar purgas y guerras porque, independientemente de quién gobierne en Mazalot, en Ilm hay dinero que ganar.",,"Más que una ciudad empresarial, se trata de un régimen corporativo, desde la cadena de plataformas de seguridad orbitales hasta las minas teleoperadas que extraen recursos de la corteza fracturada. Ilm está gobernada por un consejo corporativo semimilitarizado; la identidad de los inversores no es de dominio público, pero las especulaciones menos paranoicas apuntan a una mezcla de capital de la Liga Persea y Tri-Tachyon.",,,
planet_salamanca,CUSTOM,"Una espesa niebla de nitrógeno hace llover hidrocarburos sobre las montañas marchitas de hielo acuoso que salpican Salamanca. A sus pies, las cúpulas manchadas de los hábitats dispersan a trabajadores blindados que conducen drones robóticos encargados del mantenimiento de los extractores de materia orgánica y las refinerías. Toda la industria aquí está gobernada —desde detrás de las fachadas oportunas— por un régimen mazalotiano derrocado/cartel criminal.",,"Lo que comenzó como un asentamiento de extracción de recursos respaldado por megacorporaciones fue derrocado por la fuerza por una pequeña flota leal a un régimen autoritario expulsado de Mazalot. Han intentado recuperar la legitimidad reincorporándose a la Liga Persea, pero están profundamente vinculados a redes criminales y son objeto de desconfianza incluso —y especialmente— entre sus aliados de la Liga.",,,
planet_kazeron,CUSTOM,"El núcleo rico en metales de un antiguo gigante gaseoso cuyo cuerpo fue destruido en alguna antigua catástrofe celeste, Kazeron es rico en metales pesados exóticos. Aunque no es terraformable, esto lo convirtió en un lugar ideal para que el Dominio instalara un grupo de autofábricas con el fin de satisfacer la necesidad de naves, equipamiento y maquinaria pesada de la frontera de la Liga Persea.",,"El planeta de Kazeron, perteneciente a la Liga Persea, siempre cumple con su cuota de naves de guerra —y de oficiales altamente entrenados para estar al mando de ellos—. Kazeron cuenta con una rica tradición industrial y de producción militar, lo que lo convierte en el eje del poder de la Liga Persea.",,,
planet_eldfell,CUSTOM,"Un planeta estéril que destaca por un grupo de hipervolcanes inusualmente activos, los Grettir. Su escasa atmósfera se regenera por completo gracias al vulcanismo.",,"En su día se extraían ricos minerales de las minas concesionadas excavadas alrededor de la base del grupo de hipervolcanes Grettir. El asentamiento principal está construido sobre un espolón inactivo y poblado en su mayoría por los descendientes de los «robo-jockeys» que han encontrado un nuevo trabajo en las refinerías. El régimen está controlado por el acuerdo común de varios consorcios industriales dominados por Kazeron, pero no es miembro de la Liga Persea debido a los gastos que supondría la afiliación.",,,
station_thulian_raiders,CUSTOM,"El sistema Thule está plagado de buscadores de minerales y mineros de poca monta que han escapado del opresivo afán de poder de la estratocracia aristocrática de Kazeron para buscar la independencia entre los minerales y los volátiles de los numerosos sistemas de anillos. A veces, estos agentes libres se unen y se lanzan a por botines más jugosos; así, los asaltantes de Thule han azotado a Kazeron durante casi todo el tiempo que el sistema ha estado habitado por humanos.",,"A pesar de las ocasionales redadas de la Armada de la Liga, los asaltantes de Thule siempre parecen volver a crear un centro para su comercio ilícito y sus intrigas de poder. ¿Quién podría saber si una Casa pagó a los asaltantes para que atacaran a otra? Esos asaltantes podrían aceptar una oferta mejor de su supuesto objetivo, mientras que un oficial de la Flota podría hacer la vista gorda para perjudicar a una Casa rival, y así continúa el ciclo.",,,
planet_horn,CUSTOM,"Un planeta rocoso supermasivo, la gravedad aplastante de Horn impide tanto la habitación humana como la extracción de recursos económicos. No es que hubiera mucho que desear de todos modos en este planeta de violentos terremotos, enormes calderas dormidas y llanuras de ceniza infinitas marcadas por impactos de meteoritos.",,,,,
planet_athulf,CUSTOM,"Quizás restos de los primeros y violentos ciclos de la formación de Horn, la luna Athulf tiene una composición similar y ofrece un cómodo acceso a los minerales y metales pesados inaccesibles en su sombrío planeta madre. La humanidad aprovechó este regalo desde los primeros días de la colonización del Sector por parte del Dominio.",,"Athulf se considera tradicionalmente una posesión personal de quienquiera que sea el rey de Fikenhild, y ofrece importantes ingresos a los reyes que de otro modo no serían ricos. La vestimenta de la corte es extravagante y la nobleza obliga a la realeza a ser exigente. Los súbditos de Athulf también constituyen un importante núcleo de apoyo y, si se les trata bien, ofrecen un sólido bloque de votos al rey en el poder. Sin embargo, cuando los asaltos y los disturbios asolan las ricas minas de Athulf, es una clara señal de que Westernesse pronto tendrá un nuevo rey. ",,,
planet_fikenhild,CUSTOM,"Esta pequeña luna oceánica es el centro político del sistema, sede del rey de Westernesse y representante ante la Liga. Las cinco grandes arcologías flotantes de Fikenhild brillan día y noche, y destacan por albergar varias docenas de estudios de entretenimiento holográfico altamente competitivos.",,"El sistema de Westernesse está tradicionalmente gobernado por un «rey» elegido por el pueblo, cuya celebración de la corte —el desempeño de ciertas funciones ejecutivas y judiciales primarias— se retransmite en el sistema local como entretenimiento. Se considera esencial que el rey de Westernesse sea sabio, justo y, sobre todo, entretenido. La mayoría de los posibles excesos del sistema se ven limitados por una cultura de segmentos de participación del público alternativamente bulliciosos y sentimentales; el rey es poderoso, sí, pero los corazones del pueblo son volubles y pueden volverse en contra del rey ante una contranarrativa lo suficientemente convincente.",,,
planet_suddene,CUSTOM,"Clasificado como candidato secundario a la terraformación en los primeros sondeos del sistema, Suddene es un planeta desértico que carece de un ciclo hidrológico cerrado. Los mares formados durante la terraformación pre-Colapso se están filtrando lentamente hacia acuíferos profundos, volviéndose más pequeños, más salados y tóxicos para cada metageneración sucesiva de kril genomodificado. Las estimaciones sitúan el colapso ecológico total a solo uno o dos siglos de distancia. Los nativos de Suddene suelen ser retratados como románticos fatalistas en las holonovelas de Fikenhild.",,"La terraformación de Suddene y las consiguientes estelas de cometas portadores de agua se abandonaron rápidamente tras el Colapso, ya que las autoridades restantes centraron sus recursos en la mera supervivencia. Al carecer de infraestructura y población, Suddene siempre ha estado a regañadientes subordinada a Fikenhild en asuntos económicos y políticos. Las reformas de un reciente rey de Westernesse han abierto el derecho al voto y han convertido a los amargados rebeldes de Suddene en los recalcitrantes saboteadores de la política del sistema.",,,
planet_ailmar,CUSTOM,"A pesar de ser un planeta frío e inhóspito, Ailmar fue seleccionado para ser colonizado por una de las primeras naves semilla debido a su vulcanismo activo. Cuando los humanos llegaron al sistema de Westernesse, se encontraron con un planeta de tierras altas sin vida, pulidas por las tormentas de hielo. Pero la vida encontró pequeños valles y cañones, e incluso bosques de alerce-6 genéticamente modificados agrupados en provincias volcánicas. La vida es dura en Ailmar, pero es un planeta vivo a pesar de las penurias.",,"Industrializado pre-Colapso, Ailmar ha sido capaz de mantener su independencia del Reino de Westernesse mediante compromisos con diversas potencias rivales ajenas al sistema, entre ellas la Iglesia de Ludd y, ocasionalmente, piratas, incluyendo una notoria alianza temporal con el señor de la guerra Leonis. Los ailmarianos son los antagonistas por excelencia en el entretenimiento holográfico de Fikenhild, retratados como tan estoicos como traicioneros.  ",,,
planet_madeira,CUSTOM,"Un planeta pequeño y frío, pero apenas habitable, considerado lo suficientemente insignificante por los planificadores de colonización del Dominio como para albergar una instalación de producción de combustible. Destaca, por lo demás, por los volátiles exóticos capturados de su estrella principal y por las pseudoalgas fluorescentes que viven en las grietas de los vastos campos de hielo azotados por las tormentas que dominan la superficie de Madeira.",,"Sabiendo que Madeira siempre dependería de recursos externos para su supervivencia, el Dominio podía contar con la lealtad del régimen. Sin embargo, el Colapso no se tuvo en cuenta en esta ecuación, y el régimen de Madeira se encontraba entre los miembros fundadores de la Liga Persea a pesar de su modesta población y su industria limitada.",,,
planet_satanazes,CUSTOM,"Un gigante gaseoso caliente compuesto principalmente por hidrógeno y helio, aunque, debido a su proximidad a su estrella principal, las capas superiores de nubes de Satanazes están formadas por monóxido de carbono y metales alcalinos, lo que le confiere un aspecto oscuro y amenazador.",,,,,
planet_canaria,CUSTOM,"Canaria es un gigante helado envuelto en finas nubes de agua, amoníaco y metano. En sus profundidades, la gravedad genera suficiente presión como para formar un núcleo de hidrógeno metálico. El planeta se encuentra en un punto inusual de estabilidad gravitatoria en el L4 de Antillia, el compañero menor del sistema binario Tyle.",,,,,
planet_cibola,CUSTOM,"Un planeta antiguo salpicado de restos de antiguos volcanes, erosionados por vientos cálidos y secos hasta convertirse en un océano planetario de arena. Quedan algunos acuíferos subterráneos que alimentan al menos un pequeño mar salado y el escaso abismo que alberga retazos de vegetación.",,"Hace muchos ciclos, una antigua nave semilla de los primeros días de la colonización humana se topó con Cibola. Una serie anómala de cuerpos helados había impactado contra el planeta, dejándolo más frío y húmedo que su estado de equilibrio y, por lo tanto, dentro de los parámetros de colonización de la nave semilla. No ha sobrevivido ningún registro de los ciclos posteriores, pero los últimos colonizadores del Dominio que llegaron al Sector Perseo encontraron un planeta moribundo poblado por una pequeña civilización humana atrasada y desesperada que se aferraba a la supervivencia. La situación apenas ha mejorado desde el reestablecimiento del contacto, y la mayoría de los cibolanos han abandonado su planeta natal —o desearían poder hacerlo.",,,
nebula_center_young,PLANET,"Una enorme nube de partículas formada a partir de gases del medio interestelar o de material expulsado por las estrellas en sus últimos momentos. Las perturbaciones causadas por la gravedad y la radiación crean zonas de mayor densidad que pueden acumular masa lentamente para dar lugar algún día a nuevos cuerpos celestes. Esta región del espacio está llena de estrellas de formación reciente y de combustión rápida, y es menos probable que albergue planetas que sustenten la vida de forma natural.",,,,,
nebula_center_average,PLANET,Una enorme nube de partículas formada a partir de gases del medio interestelar o de material expulsado por las estrellas en sus últimos momentos. Las perturbaciones causadas por la gravedad y la radiación crean zonas de mayor densidad que pueden acumular masa lentamente para dar lugar algún día a nuevos cuerpos celestes.,,,,,
nebula_center_old,PLANET,"Una enorme nube de partículas formada a partir de gases del medio interestelar o de material expulsado por las estrellas en sus últimos momentos. Las perturbaciones causadas por la gravedad y la radiación crean zonas de mayor densidad que pueden acumular masa lentamente hasta dar lugar, algún día, a nuevos cuerpos celestes. Esta región del espacio es más antigua y está llena de estrellas estables y de combustión lenta, que tienen más probabilidades de albergar planetas capaces de sustentar la vida de forma natural.",,,,,
planet_yama,CUSTOM,"Yama obtuvo una viabilidad apenas marginal en los gráficos del sondeo de la Corporación Eridani-Utopia, pero la cercana instalación de combustible en Nachiketa impulsó la terraformación y la colonización. Sigue siendo un planeta mediocre, en un declive persistente tras la devastación de la Primera Guerra IA.",,"Yama se vio relativamente poco afectado por el Colapso, pero, en la misma medida, también lo estuvo por la inversión de capital antes del Colapso. Los años de estabilidad bajo la Hegemonía, salvo los bombardeos sufridos durante la Primera Guerra IA, han sido benévolos con esta pequeña y conservadora sociedad. Es un buen lugar para quienes tienen ambiciones modestas y gustos austeros.",,,
planet_nachiketa,CUSTOM,"Este planeta fue seleccionado por los burócratas del Dominio como emplazamiento para una de las instalaciones de producción de combustible AM del Sector Perseo, debido a que no tenía ningún valor destacado aparte de encontrarse en un eje conveniente de expansión hacia nuevas fronteras. La industria y las instalaciones portuarias siguieron el impulso del tráfico de naves estelares, creciendo como percebes a partir de la enorme planta de combustible blindada y semienterrada. Un enfrentamiento importante durante la Primera Guerra IA devastó estas instalaciones portuarias circundantes debido a una purga táctica de las reservas de AM; la Hegemonía aseguró la victoria, pero paralizó la industria y la infraestructura de Nachiketa.",,"Aunque la instalación de combustible está técnicamente operada por una corporación con licencia, Nachiketa está, no obstante, dominada por la cultura militar de la Hegemonía. Los requisitos de seguridad estratégica han dado lugar a unas ruinas industriales devastadas, repletas de búnkeres militares, emplazamientos de armas e instalaciones de entrenamiento. Aparte del sórdido distrito de ocio frecuentado por jóvenes reclutas, astronautas de paso y frecuentes patrullas de la policía militar, la vida civil es una rutina monótona, aunque bien remunerada para los estándares del Sector Perseo.",,,
planet_epiphany,CUSTOM,"Epiphany, que en su día fue una tranquila colonia minera, fue elegida como lugar de asentamiento por el líder herético de una oscura secta ludita. Tras bastante escándalo y una única muerte violenta, la secta llegó a su fin, aunque una población simpatizante de las creencias luditas siguió viviendo allí. El gobierno civil de Epiphany fue derrocado por los Caminantes en una ola de entusiasmo durante la Segunda Guerra IA. Con la cooperación a regañadientes de los antiguos nativos, sus instalaciones se utilizan ahora para los almacenes y el entrenamiento de los Caminantes.",,"El control del tráfico planetario es irregular y la coherencia de las señales es baja. Para los contrabandistas y los fanáticos separatistas es pan comido pasar cañones y solo Ludd sabe qué más burla las estrictas regulaciones tecnológicas locales del Camino, tal y como están redactadas.",,,
planet_kumari_aru,CUSTOM,"Kumari Aru es un espécimen poco común: un gigante gaseoso que alberga vida xenológica en su océano infinito de nubes. De interés meramente académico para los primeros exploradores del Dominio, las primeras investigaciones contaron con escasa financiación y solo lograron describir los fundamentos básicos de la bioquímica de la vida kumariana. A medida que la influencia ludita fue creciendo tras el Colapso, los creyentes luditas que consideran este planeta un lugar sagrado ahora solo permiten un estudio limitado y pasivo.",,,,,
station_beholder,CUSTOM,"Originalmente una plataforma de investigación establecida por el Explorarium del Dominio, la financiación siempre fue escasa, dada la poca esperanza de obtener conocimientos prácticos del estudio de la vida xenológica kumariana. Tras el colapso, la administración fue usurpada por un cura errante ludita particularmente inspirado y la estación se convirtió en un lugar de peregrinación sagrada para los creyentes luditas. Ahora solo se permite el acceso a bordo a un puñado de eruditos autorizados, aunque en esta época convulsa son muy pocos.",,,,,
planet_olinadu,CUSTOM,"Un movimiento de liberación fallido vio la conveniencia de alinear el régimen local con la Liga Persea siguiendo el ejemplo de la Estación Beholder, por lo que Olinadu se ha convertido en uno de los principales productores de volátiles para los mercados de la Liga a pesar de su escasa población.",,"El amor de los olinaduinos por la expresión personal vibrante y amateur en todas sus formas se considera ahora un retroceso cultural poco sofisticado, aunque la corporación policial gobernante —respaldada por la Casa— sigue fomentando eventos culturales benéficos periódicos.",,,
planet_kanni,CUSTOM,"Una compañía mercenaria mal pagada decidió aprovechar el caos político tras la Segunda Guerra IA tomando el control de Kanni, una empresa de extracción de recursos de una megacorporación situada en un planeta inhóspito y remoto. Este puesto minero convertido en base pirata ha estado controlado desde entonces por un comité rotativo de bandidos.",,"La solicitud oficial a la Hegemonía para recuperar las instalaciones y el equipo expropiados ha languidecido en un tribunal militar de menor importancia durante muchos ciclos, en beneficio dudoso del señor de la guerra gobernante. Las minas de Kanni no son especialmente ricas, y la población disponible para trabajar en ellas no es particularmente numerosa. La riqueza y la gloria las obtienen quienes se dedican a la piratería, no quienes se quedan a excavar.",,,
station_laicaille,CUSTOM,"Laicaille, un hábitat espacial más en el camino de las conquistas del señor de la guerra Leonis, fue avistado, conquistado y luego dejado en manos de un leal lugarteniente. Ese breve dominio fue derrocado por un rey pirata, ciertamente menos temible, con el respaldo de la Armada de Kazeron durante un conflicto fronterizo de la Liga Persea con la Iglesia de Ludd. Este rey fue incorporado a la Liga Persea y Laicaille se legitimó rápidamente para justificar la presencia de la Liga en el sistema. ",,"El hábitat de Laicaille se construyó originalmente para dar servicio a un pequeño grupo de empresas de prospección de asteroides, pero ahora está dominado por consorcios de astilleros militares propiedad de las Casas kazeronianas. La vida nocturna del hábitat de Laicaille tiene cierta reputación que recuerda a sus días como puesto avanzado pirata.",,,
station_kapteyn,CUSTOM,Esta extensa estación industrial de gravedad cero se construyó a medida para satisfacer las necesidades de la Corporación Eridani-Utopia y se ha modificado considerablemente en los ciclos posteriores. La estación fue tomada por el señor de la guerra Leonis en las ardientes conquistas del ciclo 47 y ha permanecido en manos de uno u otro líder pirata durante gran parte de la historia reciente.,,"Menos hospitalaria, menos agradable y más difícil de controlar desde Kazeron que Laicaille, la estación Kapteyn quedó al margen de los esfuerzos de expansión de la Liga y, en gran medida, fue olvidada intencionadamente a medida que se estabilizaban las relaciones entre la Liga y la Iglesia. Los piratas de Kapteyn mantienen un acuerdo extraoficial de larga duración con sus vecinos respetuosos de la ley, lo que se traduce en más comercio y menos asaltos y contraasaltos de lo que cabría esperar.",,,
station_groombridge,CUSTOM,"Arrasada por el señor de la guerra Leonis en las conquistas del ciclo 47, el teniente increíblemente corrupto que quedó al mando se acostumbró a tirar por la esclusa de aire a los líderes locales descontentos. En tres ciclos, cualquiera con riqueza, habilidad o sentido común excepcionales se había marchado, y los principales sistemas de la estación fallaban por completo. Desde entonces, el hábitat de Groombridge fue despojado de todo lo de valor que pudiera caber en una bodega de cargamento, y luego abandonado.",,"El reactor principal de esta estación se ha quedado atascado en el modo de fallo más grave posible. Teniendo en cuenta los mecanismos de seguridad estándar, esto solo puede ser el resultado de un sabotaje intencionado. Tu contador de radiación marca el tiempo con impaciencia.",,,
station_tiataxet_spacedock,CUSTOM,Este muelle espacial abandonado ha sido completamente destrozado por fuego de armas pesadas. La única actividad detectable aquí proviene de la desintegración de cenizas de alta radiación fusionadas al casco de la estación.,,"Decides que lo mejor es ni siquiera intentar atracar, ya que esta estación se asemeja más a un montón de escombros sueltos que a cualquier tipo de estructura.",,,
station_chalcedon,CUSTOM,"Un astillero abandonado. Sus muelles de ensamblaje, reducidos a esqueletos, están vacíos. A juzgar por las marcas recientes de disparos de armas ligeras en secciones del casco sin importancia táctica, la estación parece haber sido utilizada como blanco de prácticas de tiro.",,Unas luces de emergencia de color rojo apagado iluminan el anillo de atraque destrozado. Una placa del techo suelta sigue el recorrido de un cable que gira hacia un pozo a oscuras. No hay señales de vida.,,,
planet_chalcedon,CUSTOM,"Sembrado con vida terrestre por una antigua nave semilla, Chalcedon floreció verde para los primeros humanos que llegaron, pero pronto demostró ser un hogar inhóspito. La vida xenobiótica nativa primitiva —que se teoriza que desciende de la diáspora por impacto de Kumari Aru, o viceversa— persiste en curiosas formas equivalentes a unicelulares en nichos ecológicos oscuros. La superficie es azotada regularmente por enormes células tormentosas en un desenfreno estacional sin fin. Esta agitación proporciona un medio rico para el crecimiento vegetal, pero solo aquella flora que crece rápidamente en la calma entre tormentas puede sobrevivir fuera de la escasa zona protegida por las peculiaridades de la topología; los colonos humanos se apiñan siempre con asombro y temor.",,"Los asentamientos humanos en Calcedonia se han adaptado a las violentas tormentas. Cuando no están enterrados bajo tierra, la arquitectura local tiende hacia una especie de ciclopismo aerodinámico que contrasta con los prefabricados baratos que dominan los planetas pobres del resto del Sector.",,,
spark,SHIP,"Centella, un caza autónomo IA, es un interceptor resistente y ágil. Al no tener que proteger a un piloto humano, el chasis alberga en su lugar un generador de escudo miniaturizado.",,,,,
lux,SHIP,"Lux, un caza pesado autónomo IA, está armado con un láser IR y un sistema de señuelos diseñado para confundir a los sistemas de defensa antiaéreaes enemigos. Se utiliza mejor para abrir camino a los asaltos contra objetivos pesados.",,,,,
flash,SHIP,"Destello, un caza-bombardero autónomo IA, lleva una carga útil avanzada de carga de proximidad phase que emplea los principios del camuflaje phase con fines destructivos.",,,,,
lumen,SHIP,"Un remanente de las flotas de IA autónomas desarrolladas por la Corporación Tri-Tachyon. Ilegales según la ley del Dominio (y de la Hegemonía), y una abominación para la Iglesia de la Redención Galáctica, estas creaciones fueron eliminadas del Sector durante la Primera Guerra IA. O al menos eso dicen las historias oficiales.

Lumen es una fragata rápida y polivalente, ideal para hostigar a objetivos enemigos utilizando cualquiera de sus numerosas herramientas según sea más apropiado. El Núcleo IA del Lumen destacaba por su capacidad para crear un efecto de frustración debilitante en los capitanes humanos, más allá de lo que sus especificaciones de combate sugerían como posible.",,,,,
glimmer,SHIP,"Un remanente de las flotas de IA autónomas desarrolladas por la Corporación Tri-Tachyon. Ilegales según la ley del Dominio (y de la Hegemonía), y una abominación para la Iglesia de la Redención Galáctica, estas creaciones fueron eliminadas del Sector durante la Primera Guerra IA. O al menos eso dicen las historias oficiales.

Glimmer proporciona fuego de apoyo de largo alcance desde su arsenal de armas de energía, manteniendo la presión sobre las fuerzas enemigas.
",,,,,
fulgent,SHIP,"Un remanente de las flotas de IA autónomas desarrolladas por la Corporación Tri-Tachyon. Ilegales según la ley del Dominio (y de la Hegemonía), y una abominación para la Iglesia de la Redención Galáctica, estas creaciones fueron eliminadas del Sector durante la Primera Guerra IA. O al menos eso dicen las historias oficiales.

El Fulgente es un destructor fuertemente armado que se gana su lugar en la línea de batalla, ya que cuando la IA del Fulgente identifica un punto débil, utiliza su excepcional maniobrabilidad para realizar un asalto con una crueldad inhumana.",,,,,
scintilla,SHIP,"Un remanente de las flotas de IA autónomas desarrolladas por la Corporación Tri-Tachyon. Ilegales según la ley del Dominio (y de la Hegemonía), y una abominación para la Iglesia de la Redención Galáctica, estas creaciones fueron eliminadas del Sector durante la Primera Guerra IA. O al menos eso dicen las historias oficiales.

El portaaviones ligero Escintilla es capaz de realizar el despliegue de dos escuadrones de cazas drones en combate. Aunque solo puede montar armas de rayos ligeros, el Escintilla puede llevar una formidable configuración de misiles. ",,,,,
apex,SHIP,"Un remanente de las flotas de IA autónomas desarrolladas por la Corporación Tri-Tachyon. Ilegales según la ley del Dominio (y de la Hegemonía), y una abominación para la Iglesia de la Redención Galáctica, estas creaciones fueron eliminadas del Sector durante la Primera Guerra IA. O al menos eso dicen las historias oficiales.

Unos memorándum internos filtrados critican al Ápex por comprometer principios básicos de combate para actuar como plataforma de marketing de sistemas de combate avanzados. Entre ellas se incluyen el «Cohesor de Rayos Energéticos» de Tri-Tachyon —del que se especula que emplea una peculiaridad de la física de los escudos para aumentar el alcance de las armas de energía que no emiten rayos, que el Ápex podría montar en abundancia— y las unidades duales de autoforjas de dron Terminator. La certificación de sub-IA de los sistemas Terminator estaba pendiente cuando quedó totalmente en suspenso por ciertas catástrofes históricas posteriores, incluyendo, entre otras, la Primera Guerra IA.",,,,,
brilliant,SHIP,"Un remanente de las flotas de IA autónomas desarrolladas por la Corporación Tri-Tachyon. Ilegales según la ley del Dominio (y de la Hegemonía), y una abominación para la Iglesia de la Redención Galáctica, estas creaciones fueron eliminadas del Sector durante la Primera Guerra IA. O al menos eso dicen las historias oficiales.

Como es habitual en los productos de gama alta de TriTachyon, el crucero de clase Brillante no escatima en nada a la hora de montar el conjunto más avanzado posible de armamento energético. Como es habitual en las naves autónomas, no se hacen concesiones para el soporte vital humano ni siquiera para el acceso físico. Las reparaciones las lleva a cabo un enjambre de drones utilitarios seminteligentes que se desplazan a través de conductos sin atmósfera que atraviesan la masa de la nave.",,,,,
radiant,SHIP,"Un remanente de las flotas de IA autónomas desarrolladas por la Corporación Tri-Tachyon. Ilegales según la ley del Dominio (y de la Hegemonía), y una abominación para la Iglesia de la Redención Galáctica, estas creaciones fueron eliminadas del Sector durante la Primera Guerra IA. O al menos eso dicen las historias oficiales.

El acorazado Radiante era un extravagante diseño utópico creado por una unidad de arquitectura naval a la que se le concedió una indulgencia especial gracias a la grandiosidad desmesurada de un vicepresidente de Tri-Tach. Ni las historias oficiales ni las extraoficiales existentes de la Primera Guerra IA mencionan jamás que se fabricara esta clase de nave, ya que un desplazador phase integrado nunca podría ser estable en una nave de tal tamaño. Sin duda, explotaría en una infinidad de dimensiones secundarias en espiral y de corta duración al iniciarse el primer salto. 

No obstante, aquí está.",,,,,
remnant_station2,SHIP,"Un remanente de las flotas de IA autónomas desarrolladas por la Corporación Tri-Tachyon. Ilegales según la ley del Dominio (y de la Hegemonía), y una abominación para la Iglesia de la Redención Galáctica, estas creaciones fueron eliminadas del Sector durante la Primera Guerra IA. O al menos eso dicen las historias oficiales.

Se trata de una estación de combate de IA autónoma, totalmente armada y operativa. Estaciones como esta actuaban como depósito de combustible y suministros, fábrica robótica, centro de mando y plataforma de armas en apoyo de las flotas de IA que operaban a nivel estratégico. El discurso de la «Declaración de Victoria» pronunciado por el Alto Hegemón tras la Primera Guerra IA afirmaba que todas las estaciones de combate IA habían sido destruidas.",,,,,
colossus,SHIP,"El Coloso es un casco robusto y venerable muy adecuado para las condiciones del Sector tras el Colapso, aunque cuenta con alojamientos primitivos y un armamento defensivo limitado.

Antes de que fuera superado por la brutal eficiencia económica del supercarguero Atlas, el carguero pesado Coloso constituía el núcleo de las flotas de suministro fronterizas del Dominio. Un blindaje del casco más grueso de lo estrictamente necesario proporciona protección contra los peligros cósmicos, tanto naturales como humanos.",,,,,
colossus2,SHIP,"Se trata de un casco Coloso modificado por los seguidores fieles del Camino de Ludd para convertirlo en un temible crucero de asalto. Las cubiertas de cargamento se han derrumbado y vuelto a soldar para aumentar considerablemente el grosor efectivo del blindaje del casco, mientras que se han instalado torretas adicionales a lo largo del mismo. En la proa, se ha fijado de forma permanente un gran soporte de armas capaz de lanzar salvas de torpedos de clase Martillo. Los motores estándar y la red de energía han sido modificados de forma improvisada para permitir breves períodos de propulsión a máxima potencia en condiciones de combate, lo que provoca una pérdida masiva de fiabilidad general de los sistemas.

Antes de que fuera superado por la brutal eficiencia económica del supercarguero Atlas, el carguero pesado Coloso constituía el núcleo de las flotas de suministro fronterizas del Dominio. Un blindaje del casco más grueso de lo estrictamente necesario proporciona protección contra los peligros cósmicos, tanto naturales como humanos.",,,,,
colossus3,SHIP,"El Coloso fue adaptado por primera vez para la guerra por seguidores del Camido de Ludd, pero piratas emprendedores pronto siguieron su ejemplo. Un proceso igualmente improvisado ha llevado a que la mayoría de las cubiertas de carga se derrumben y se vuelvan a soldar para formar un blindaje grueso salpicado de numerosos emplazamientos de armas. Sin embargo, la bodega de carga principal se dejó abierta y se convirtió en una bahía de lanzamiento de cazas improvisada con la adición de una microcuba de forja civil destinada a la fabricación de piezas de maquinaria modificadas para aceptar chips CPL de cazas. La forja está mal integrada con el sistema de energía básico del casco, lo que da lugar a un rendimiento general poco fiable.

Antes de que fuera superado por la brutal eficiencia económica del supercarguero Atlas, el carguero pesado Coloso constituía el núcleo de las flotas de suministro fronterizas del Dominio. Un blindaje del casco más grueso de lo estrictamente necesario proporciona protección contra los peligros cósmicos, tanto naturales como humanos.",,,,,
warning_beacon,CUSTOM,"Una baliza de advertencia totalmente autónoma. Contiene un sistema de energía de estado sólido que permite un funcionamiento teórico y una vida media de mantenimiento de la posición con un alcance de hasta cientos de miles de ciclos.

El capitán de nave astuto prestará buena atención a su advertencia.",,,,,
station_abandoned_mining,CUSTOM,"Una plataforma minera orbital abandonada, esta estación fue construida para anclar un gancho espacial que se emplearía para extraer recursos de manera eficiente de la superficie de su planeta principal. Los viejos módulos industriales, desmantelados hace tiempo para obtener piezas, y los silenciosos anillos habitables están corroídos por los impactos y la erosión estelar.",,"Ningún sistema importante de la estación sigue operativo, aunque hay algunas fuentes de rayos gamma dispersas y fugas electromagnéticas, probablemente procedentes de sistemas de seguridad de reserva que realizan una labor inútil.",,,
planet_gilead,CUSTOM,"Joya del camino del Peregrino y venerada por los fieles luditas, Gilead es un paraíso del que se rumorea que rivaliza con el de la Vieja Tierra: aquel que Dios concedió a la humanidad; que la humanidad profanó; del que la humanidad fue, en pecado, exiliada para sufrir entre las estrellas. Que un planeta así pueda volver a encontrarse es la promesa de que la humanidad puede ser redimida.",,"El rostro de Gilead te sonríe desde nubes de seda purísima, mares cerúleos y continentes verdes de una naturaleza salvaje, suave y ondulada. La Iglesia reina aquí como un jardinero severo, asegurándose de que la población esté bien controlada y sea obediente a la hora de honrar la tierra sobre la que un día caminó Ludd.",,,
planet_asher,CUSTOM,"Asher es un planeta mortalmente frío y seco de penitencia y trabajo. Toda la pesada base industrial de Gilead fue trasladada aquí durante el Despertar Ludita por la Iglesia, siempre práctica. La vida espiritual en el Sector Perseo no puede ser guiada sin naves espaciales.",,"Apocalípticas tormentas de polvo nublan el cruel cielo, tiñendo primero el sol de rojo sangre antes de convertirlo en un resplandor sin rumbo que no ofrece ni calor ni consuelo. 

La necesidad de absolución brota de las minas, se forja en las refinerías y luego se ensambla en órbita. La virtud industrial de Asher es, sin embargo, la vergüenza secreta de la Iglesia, de la que solo se habla de forma indirecta en los sermones pronunciados por curas particularmente espirituales. ",,,
devastator,WEAPON,"Esencialmente un cañón antiaéreo de fuego rápido del tamaño de una nave capital, el Devastador fue desarrollado por la Armada del Dominio utilizando piezas genéricas en respuesta a un planeta rebelde que logró adquirir un amplio conjunto de cazas CPL de combate.

Tres cañones lanzan una rápida descarga de proyectiles explosivos. La rápida cadencia de fuego produce tal volumen de munición que los detectores de proximidad se vuelven poco fiables, disparándose a alcances aparentemente aleatorios. El margen de error se consideró aceptable tras los espectaculares resultados obtenidos en el campo de batalla.

Una sola salva del Devastador puede eliminar un escuadrón de cazas o un conjunto de misiles, aunque los proyectiles tienen un uso limitado contra objetivos más grandes o más distantes.",,,,,
legion,SHIP,"Clasificado como portaaviones de guerra, el Legión cuenta con una impresionante gama de armas pesadas, espacio de hangar y sistemas de mando y control suficientes para desplegar cuatro escuadrones de cazas. Los modelos posteriores se mejoraron con nanoforjas diseñadas para la sustitución de naves de combate, lo que aumentó significativamente la relación entre naves de combate y de apoyo en despliegues a larga distancia.

Tras el legendario éxito del diseño del Onslaught, quedó claro que los sistemas rebeldes sin industria ultrapesada eran capaces de desarrollar naves de asalto basadas en portaaviones capaces de contrarrestar al «Viejo» de la Armada. Junto con nuevas armas —ágiles misiles anticaza y cañones de defensa antiaérea de seguimiento rápido—, el Consejo Estratégico decidió realizar el despliegue de un portaaviones digno de servir junto al Onslaught. Así, el Legión fue diseñado para proporcionar una plataforma para interceptores y naves de asalto mientras se mantenía en la línea de batalla. 

Los defensores de la «Escuela de Cruceros» criticaron al Legión por su insuficiente especialización, sosteniendo que se puede desplegar un volumen similar de cazas a menor coste y con mayor flexibilidad si las funciones de combate se separan en cascos de naves distintos. Estos argumentos económicos palidecen ante un Legión que se aproxima en un enfrentamiento con su propulsión primaria para descargar una potencia de fuego aplastante en el punto clave de la batalla.",,,,,
ai_cores,RESOURCE,"Un núcleo IA independiente, raro y valioso. Se trata del alma física de una inteligencia artificial, un artefacto de asombrosa complejidad capaz de un pensamiento sofisticado que supera a la mente humana. Objeto de temor, adoración y codicia; se han librado guerras por el uso y la calibración de la IA.

Un Núcleo IA es incapaz de influir en el mundo exterior por sí solo. Para aprovechar sus vastas capacidades, es necesario sumergir el núcleo en un baño refrigerante y conectarlo a un conjunto de líneas de datos de alta capacidad adecuadas para sus tareas. Una vez instalado, el núcleo debe equiparse con un dispositivo de garantía de lealtad totalmente analógico; por lo general, este adopta la forma de un explosivo químico rudimentario con un detonador mecánico.",,,,,
,,,,,,,
survey_data,RESOURCE,"Este TriPad contiene una base de datos de sondeos recientes que recoge información sobre las cualidades económicas, industriales y estratégicas de un objeto celeste, organizada según las directrices tradicionales del Ministerio de Colonización del Dominio. Sondeos como este son un elemento esencial para el éxito de las operaciones militares, los esfuerzos de colonización y las iniciativas corporativas.",,,,,
survey_data_1,RESOURCE,"Este TriPad contiene una base de datos de sondeos recientes que recoge información sobre las cualidades económicas, industriales y estratégicas de un objeto celeste, organizada según las directrices tradicionales del Ministerio de Colonización del Dominio. Sondeos como este son un elemento esencial para el éxito de las operaciones militares, los esfuerzos de colonización y las iniciativas corporativas.

Los datos aquí contenidos no tienen nada de especial. «Solo otra roca», como se suele decir.",,,,,
survey_data_2,RESOURCE,"Este TriPad contiene una base de datos de sondeos recientes que recoge información sobre las cualidades económicas, industriales y estratégicas de un objeto celeste, organizada según las directrices tradicionales del Ministerio de Colonización del Dominio. Sondeos como este son un elemento esencial para el éxito de las operaciones militares, los esfuerzos de colonización y las iniciativas corporativas.

Los datos aquí contenidos no tienen nada de excepcional.",,,,,
survey_data_3,RESOURCE,"Este TriPad contiene una base de datos de sondeos recientes que recoge información sobre las cualidades económicas, industriales y estratégicas de un objeto celeste, organizada según las directrices tradicionales del Ministerio de Colonización del Dominio. Sondeos como este son un elemento esencial para el éxito de las operaciones militares, los esfuerzos de colonización y las iniciativas corporativas.

Estos datos de sondeo describen un planeta útil para la explotación humana y se venderán a buen precio. ",,,,,
survey_data_4,RESOURCE,"Este TriPad contiene una base de datos de sondeos recientes que recoge información sobre las cualidades económicas, industriales y estratégicas de un objeto celeste, organizada según las directrices tradicionales del Ministerio de Colonización del Dominio. Sondeos como este son un elemento esencial para el éxito de las operaciones militares, los esfuerzos de colonización y las iniciativas corporativas.

Estos datos de sondeo describen un planeta que obtiene una puntuación alta en la tabla de viabilidad estándar. Resultará muy valioso si se vende a terceros.",,,,,
survey_data_5,RESOURCE,"Este TriPad contiene una base de datos de sondeos recientes que recoge información sobre las cualidades económicas, industriales y estratégicas de un objeto celeste, organizada según las directrices tradicionales del Ministerio de Colonización del Dominio. Sondeos como este son un elemento esencial para el éxito de las operaciones militares, los esfuerzos de colonización y las iniciativas corporativas.

Estos datos describen un planeta excepcional y serán de gran valor para cualquiera de las principales facciones del Sector.",,,,,
planet_ancyra,CUSTOM,"Un planeta seco y antiguo con un campo magnético débil, parcialmente despojado de sus elementos volátiles por el viento solar. Hay indicios de que Ancyra estuvo en su día cubierta por mares poco profundos y cálidos: dunas de sal blanqueadas, extrañas torres y crestas de sílice cristalizada de forma única, y unos pocos acuíferos salinos explotados por los colonos humanos.",,La economía de Ancyra está dominada por la logística de la Hegemonía. El complejo de la industria ligera creció gracias a los contratos militares y ahora posee la escala y la legitimidad necesarias para abrirse un hueco respetable en la red comercial civil del espacio central de la Hegemonía.,,,
station_ancyra,CUSTOM,"La Estación de Ancyra es un bastión de autoridad construido en los primeros días de la colonización del Sector Perseo por parte del Dominio. Las placas blindadas del casco se han reparado y sustituido tantas veces que no está claro si queda algo del original. Las instalaciones no son especialmente cómodas, pero en lugar de transmitir una sensación de decadencia, esto confiere al puesto un aura de austera dignidad. ",,"Los hologramas de reclutamiento dan la bienvenida a los astronautas que llegan: «¡Únete a la Armada, descubre el Sector!». Una zona mate en el revestimiento de la pared sugiere que un dron de mantenimiento ya ha eliminado una descarada adición al eslogan.",,,
station_derinkuyu,CUSTOM,"La Estación de Derinkuyu se construyó tras el Colapso sobre la superestructura de grúas de mantenimiento destinadas a cargueros de clase Atlas. Estas se soldaron entre sí y se impulsaron fuera de la órbita de Ancyra, para luego estabilizarse en el cinturón de asteroides de Galatia y servir como base para operaciones mineras. Un reciente lapso en el orden público, que implicó la «larga caminata» del coronel de la Hegemonía gobernante, ha hecho que el control recaiga en un consejo poco organizado de mineros rebeldes.",,"Derinkuyu, una estación que nunca ha destacado por su hospitalidad, luce ahora un nuevo mosaico de placas de sellado de emergencia en el casco y recibe a los forasteros con miradas recelosas que se cruzan entre los mineros y la milicia MuniSec, ligeramente armada.",,,
station_galatia_academy,CUSTOM,"La institución universitaria independiente más antigua y prestigiosa del Sector Perseo. La Academia de Galatia es una de las mejores opciones entre las universidades que quedan de los planetas centrales. El cargo de rector es un puesto especialmente poderoso, capaz de aprovechar las conexiones con antiguos alumnos, influir en las nuevas generaciones de los estudiantes más brillantes —o más ricos— y dirigir investigaciones de vanguardia.",,,,,
cobra,SHIP,"El diseño del Cobra se puso en marcha poco antes del Colapso, fruto de un proyecto especulativo para montar un lanzatorpedos «Reaper» sobre el chasis de un caza.  

Los requisitos de diseño se descontrolaron casi de inmediato, y los retrasos en el calendario deberían haber supuesto el fin del proyecto Cobra en su primer ciclo. Pero el excéntrico propietario —que había amasado su fortuna en la prospección y el salvamento en la frontera— invirtió toda su fortuna en el diseño y, al parecer, consiguió préstamos a corto plazo de ciertos elementos criminales para llevar a cabo el desarrollo del prototipo. La Junta de Adquisiciones Navales del Dominio rechazó la propuesta de lleno y se ha sugerido que esto se debió a una política no declarada de «desalentar» los torpederos anticapitales.

El responsable del desarrollo fue hallado muerto en circunstancias extraordinariamente desagradables; los investigadores lo calificaron de suicidio. Mientras tanto, para gran disgusto de los prestamistas legítimos, los planos del Cobra y los prototipos CPL aparentemente se esfumaron.",,,,,
perdition,SHIP,"El bombardero torpedero Perdición modificado para el combate es un intento de los militantes luditas, tanto de Caminantes como de sectas más moderadas, de hacer frente a la falta crónica de acceso a armamento pesado, especialmente durante los primeros momentos tras el Colapso. Una lanzadera utilitaria de clase Cranefly, de uso civil común para tareas de sondeo y transporte, sirve como chasis base. Diseñado originalmente para transportar un pequeño cargamento o unos pocos astronautas equipados, el Perdición se ha soldado para convertirlo en un torpe caparazón de blindaje improvisado y se le han quitado las puertas de las bodegas para montar un único torpedo Martillo adaptado al antiguo sistema de cierre del cargamento.

Se necesita una gran fe para pilotar este vehículo improvisado en combate, ya que sus estadísticas de supervivencia deberían disuadir a cualquier tripulación racional.",,,,,
station1,SHIP,"Una estación orbital de baja tecnología que cuenta con blindaje pesado y potencia de fuego moderada. Esta plataforma alberga astilleros, hábitats, fábricas y grandes reservas de armas y suministros, lo que permite proyectar poderío militar e industrial en todo el volumen orbital local.",,,,,
station1_midline,SHIP,"Una estación orbital de media tecnología que cuenta con un potente armamento lateral y una rápida rotación axial. Esta plataforma alberga astilleros, hábitats, fábricas y grandes reservas de armas y suministros, lo que permite proyectar poderío militar e industrial en todo el volumen orbital local.",,,,,
station1_hightech,SHIP,"Una estación orbital de alta tecnología con potentes escudos giratorios, una flota de cazas y potencia de fuego moderada. Esta plataforma alberga astilleros, hábitats, fábricas y grandes reservas de armas y suministros, lo que permite proyectar poderío militar e industrial en todo el volumen orbital local.",,,,,
station2,SHIP,"Una gran estación de combate de baja tecnología que cuenta con un blindaje pesado y bastiones-ciudadela de defensa antiaérea. Esta plataforma alberga astilleros, hábitats, fábricas y grandes reservas de armas y suministros, lo que permite proyectar poderío militar e industrial en todo el volumen orbital local.",,,,,
station2_midline,SHIP,"Una gran estación de combate de media tecnología, reforzada con módulos de apoyo de misiles, además de un potente armamento lateral y una rápida rotación axial. Esta plataforma alberga astilleros, hábitats, fábricas y grandes reservas de armas y suministros, lo que permite proyectar poderío militar e industrial en todo el volumen orbital local.",,,,,
station2_hightech,SHIP,"Una gran estación de combate de alta tecnología que cuenta con potentes escudos, una flota de cazas, una ciudadela defensiva y una gran potencia de fuego. Esta plataforma alberga astilleros, hábitats, fábricas y grandes reservas de armas y suministros, lo que permite proyectar poderío militar e industrial en todo el volumen orbital local.",,,,,
station3,SHIP,"Una enorme fortaleza estelar, la cumbre de la construcción contemporánea en gravedad cero en el Sector Perseo, construida según el modelo de baja tecnología con drones de defensa de clase Merlon y un extenso campo de minas. Esta plataforma alberga astilleros, hábitats, fábricas y grandes reservas de armas y suministros, lo que permite proyectar poderío militar e industrial en todo el volumen orbital local.",,,,,
station3_midline,SHIP,"Una enorme fortaleza estelar, la cumbre de la construcción contemporánea en gravedad cero en el Sector Perseo, que puede albergar astilleros, hábitats, fábricas y grandes reservas de armas y suministros. Estas plataformas proyectan poderío militar e industrial en todo su volumen orbital local.",,,,,
station3_hightech,SHIP,"Una enorme fortaleza estelar de alta tecnología que cuenta con potentes escudos, blindaje reforzado, drones de defensa de clase Gárgola y aterradores teletransportadores de minas de largo alcance. Esta plataforma alberga astilleros, hábitats, fábricas y grandes reservas de armas y suministros, lo que permite proyectar poderío militar e industrial en todo el volumen orbital local.",,,,,
merlon,SHIP,"El Merlon es un dron pesado de defensa de estación equipado con una impresionante variedad de armas de defensa antiaérea. Sin necesidad de tripulación, sistema de propulsión ni IA de mando independiente, el Merlon cuenta con más blindaje que una nave de tamaño comparable.",,,,,
gargoyle,SHIP,"La Gárgola es un dron de defensa de estación de alta tecnología que cuenta con el avanzado sistema Paladín DA y su propio generador de escudos. Al no requerir tripulación, propulsión ni ningún tipo de núcleo IA de mando independiente, la Gárgola opera con mayor eficacia en combate que un casco de vuelo libre de tamaño similar.",,,,,
ravelin,SHIP,"El Ravelin es un dron pesado de defensa de estaciones centrado en el fuego de apoyo y la defensa antiaérea. Al no requerir tripulación, sistema de propulsión ni ningún tipo de núcleo IA de mando independiente, el Ravelin puede rendir muy por encima de su categoría en combate.",,,,,
prometheus2,SHIP,"Los fanáticos Caminantes han descubierto un irónico sentido de la justicia al convertir el petrolero que transporta lo que ellos llaman «Infernium» —combustible AM— en un gigantesco instrumento de guerra santa. Las bodegas y los puertos de carga han sido destrozados y convertidos en hangares o soportes para cañones, mientras que se han arrancado secciones de la plataforma de bombeo para sustituirlas por enormes placas de blindaje. La proa curvada del tanque de combustible principal ha sido vaciada y reacondicionada para lanzar descargas de misiles contra aquellos que sirven a Moloch, para que tal vez encuentren la absolución en el bendito olvido.",,,,,
atlas2,SHIP,"El supercarguero de clase Atlas es un objetivo principal de los ataques piratas. Algunos son hallados más tarde en el corazón destrozado de una lluvia de escombros de impacto en alguna órbita solitaria. Otros se ganan una segunda mirada evaluadora de los piratas y son arrastrados a astilleros secretos. Las bodegas de cargamento son destrozadas y sustituidas por vigas para sostener soportes de armas y líneas de suministro de munición mejoradas.

Este Atlas, renacido en el vacío y el fuego, ahora transporta un cargamento de muerte de la mano de un señor de la guerra pirata.",,,,,
generic_probe,CUSTOM,"Una sonda automatizada de uso general con capacidad hiperespacial rudimentaria. La utilizan con mayor frecuencia las megacorporaciones y las instituciones de investigación para recopilar datos en sistemas estelares remotos, peligrosos o extraordinariamente aburridos. Este modelo está diseñado para albergar un pequeño paquete de instrumentos.",,,,,
ga_probe,CUSTOM,Las lecturas de los sensores de largo alcance coinciden con las especificaciones de la clase común de sondas utilizadas por los departamentos de investigación de la Academia Galatia.,,,,,
ga_hyperprobe,CUSTOM,"Las lecturas de los sensores de largo alcance coinciden con las especificaciones de la clase común de sondas utilizadas por el Grupo de Física del Hiperespacio de la Academia Galatia. No hay señales de un transpondedor activo, aunque las fugas electromagnéticas sugieren que los subsistemas están en funcionamiento.",,,,,
gaPZ_relay,CUSTOM,Las lecturas del escáner de largo alcance indican que este objeto es probablemente una plataforma instrumental no tripulada de clase común. Los sensores detectan fugas de radiación indicativas de una batería nuclear dañada. Las imágenes electromagnéticas ruidosas sugieren daños estructurales de moderados a graves.,,,,,
cargo_pod_special,CUSTOM,Un contenedor de carga pintado de colores vivos y equipado con un transpondedor de alta visibilidad.,,,,,
minipulser,WEAPON,"«El banco de pruebas quedó destruido, ¿y qué? Contabilizamos las pérdidas de capital y recursos humanos en las especificaciones. Lo que importa es que obtuvimos los resultados y no se perdió a ningún investigador sénior. Te diré algo, supervisaré personalmente la instalación de un nuevo sistema de escudos de clase crucero en cuanto esté sobre el terreno».","- K. Astraia, recuperado del Archivo Kallichore",,,,
shockrepeater,WEAPON,"«De alguna manera logró atravesar el cordón de seguridad y se coló entre la flotilla de apoyo. Fundió los sensores, el sistema de navegación y el soporte vital de los transportes de la tripulación antes de que los lobos lo eliminaran. Ahora tenemos provisiones de langosta volturniana para toda la vida en congelación profunda, pero no hay cicladores de aire de tercera generación de repuesto. Así son las prioridades ejecutivas».","- Interceptación de la Garantía de Moral de Tri-Tachyon, adjunta al informe de despido del empleado",,,,
riftlance,WEAPON,"«Entregamos este cuerpo al vacío sagrado, polvo al polvo, estrellas a las estrellas, para que el Creador nos renueve en el ciclo de la vida eterna».","- Oración fúnebre ludita, tradicional",,,,
riftbeam,WEAPON,«No lo volvamos a encender».,"- Sarosh Freeman, técnico superior",,,,
cryoflux,WEAPON,"«A medida que el frente de onda sufre un colapso, se emite radiación en el espectro visible y más allá debido a, eh, creemos que se debe a una realineación con las leyes del espacio-tiempo. También hay efectos con enormes implicaciones macroscópicas, y estos serán el tema de esta reunión de emergencia».","- Investigador desconocido, registros recuperados del Sitio Alpha",,,,
cryoblaster,WEAPON,"«Encontré la cápsula justo en la estación del CIC, más fría que una cápsula criogénica. También la mitad de los mandos de la nave, y no todas las mitades coinciden».","- Informe verbal del prospector, recuperación en el hiperespacio de la ISS Augusta",,,,
disintegrator,WEAPON,«Me inquieta la implicación de que la equivalencia entre masa y energía pueda violarse de forma tan casual y tan extensa».,- Informe sin firmar enviado desde el Sitio Alpha a K. Astraia,,,,
riftcascade,WEAPON,"«Ya basta. Cualquiera que haga otra broma sobre la ""magia negra"" deberá aportar diez milicréditos al fondo para la fiesta del laboratorio».",- Memorándum recuperado del complejo de laboratorios del Sitio Alpha,,,,
vpdriver,WEAPON,"«El oficial de escudos ha informado de inversiones de polaridad localizadas en el arco delantero; se estima un colapso total en cuestión de ""segundos""».","- Informe de actividades posteriores a la misión, primer encuentro en Isir, expedición [CENSURADO]",,,,
realitydisruptor,WEAPON,"«Cuando el profanador desate la trama y la urdimbre del Creador, ¿qué encontrarán tras ese tapiz estrellado? Un millón de ojos oscurecidos por la transgresión».","- El Libro de Ludd, Visiones 7:4",,,,
amsrm,WEAPON,"«Escribo para expresar mi frustración profesional por tener que entregar resultados según el calendario del director del proyecto cuando solo se nos ha dado acceso limitado al artefacto. El análisis de daños no es suficiente, y ya hemos exprimido todo lo que se podía de ese conjunto de datos. Sí, se trata de una carga útil de AM. ¿Pero el sistema de lanzamiento en sí? Podemos seguir debatiendo sobre construcciones de hipercampo, patrones phase estables y esa teoría paranoica de la aniquilación simétrica hasta la muerte térmica del universo. El hecho es que todo ello no pasa de ser pura especulación hasta que podamos conseguir otro artefacto».",- Empleado 38940855 de Tri-Tachyon,,,,
resonatormrm,WEAPON,"«Estamos desconcertados por la guía, la propulsión, la contención de la carga útil... prácticamente todo. Ni siquiera está claro si estamos ante materia bariónica; sencillamente, no hemos sido capaces de contener un espécimen el tiempo suficiente para obtener datos fiables».",- Memorándum recuperado del complejo de laboratorios del Sitio Alpha,,,,
rifttorpedo,WEAPON,"«Veo ciudades humanas y huesos deshechos de modo que no queda nada ni nadie que pueda alabar al Creador; no queda ningún templo que albergue el santuario y nadie vive para recordar las palabras, y entonces nada es sagrado y todo es profano».","- El Libro de Ludd, Visiones 7:12",,,,
gigacannon,WEAPON,"«Altos oficiales navales de la junta directiva de Ultradyne Askonia Combine impusieron el desarrollo a gran escala de un arma de proyección AM a pesar de la oposición del jefe de ingeniería. Al parecer, el proyecto se inició a instancias personales del llamado Ejecutor [el traidor Andrada]. Los agentes de HEGINT informan de que los disparos de prueba muestran una potencia de salida espectacular, pero se prevé que la integración del sistema de armas incapacite la capacidad de combate del enemigo en acciones de flota debido a ineficacias doctrinales. Se recomienda no llevar a cabo ninguna operación de sabotaje».",- informe clasificado dirigido al Alto Hegemón,,,,
kineticblaster,WEAPON,"«Los sondeos de largo alcance proporcionados por el agente de HEGINT sugieren que el sistema de armas integra elementos de la tecnología [SUPER ALABASTRO] para aprovechar un efecto antiescudo hasta ahora no utilizado. La comunidad física nativa de Askonia, mermada tras los sucesos de Opis, no se considera capaz de tal avance [ref. informe HEGINT/ASKON-M38-12]. Conclusión: con casi total certeza, asistencia técnica de TT a la Rebelión de Sindria».",- informe clasificado dirigido al Alto Hegemón,,,,
irautolance,WEAPON,"Un arma de rayos de largo alcance muy eficaz con un elevado daño por ráfaga. Resulta extremadamente eficaz contra cazas y, en las circunstancias adecuadas, contra cascos desprotegidos. Es prácticamente ineficaz contra escudos y cuenta con un sistema de bloqueo para evitar el disparo automático contra escudos a menos que esté completamente cargada. Su daño sostenido es bajo debido a la necesidad de regenerar las cargas.

Un oscuro estudio de teoría de campos proporcionó una aplicación armamentística inesperada en la Autolanza IR, una variante altamente modificada del venerable Láser de Ondas IR. Emplea el mismo medio de amplificación de dióxido de carbono y la misma fuente de alimentación con conmutación Q que su antecesor, pero reajusta el rayo mediante una disposición axial de placas de Besselheim giratorias para lograr el efecto de modulación, aún poco comprendido.

El resultado es un rayo pulsado de largo alcance que mostró un rendimiento decepcionante contra escudos y blindajes. Esto casi dejó de lado el desarrollo hasta que se descubrió que poseía una potencia de daño sorprendentemente eficaz contra cascos y componentes sin blindaje. A partir de entonces, el arma encontró su papel en reducir escuadrones de cazas y rematar naves hostiles después de que los sistemas de armas complementarios les hayan despojado de escudos y blindaje.",,,,,
aspect,SHIP,"«Son los únicos pequeños bastardos que podemos recuperar con fiabilidad. ¿Y para qué sirven? Solo son una masa de escoria fractal que dispara REM a más no poder. He estropeado tres espectrómetros solo para obtener datos erróneos, y ahora el departamento de finanzas me está dando la lata. Me hace desear estar de vuelta en la división TriPad».",Nave no identificada,"ENTRADA DESCONOCIDA

Registra tu datapad Tri-Tachyon para recibir las últimas noticias y actualizaciones.",,,
shard_left,SHIP,"¿consulta omega?
viridiano incomprensible: deleite ilimitado

enviar almacenes de datos
toda la voluntad nuclear subsumida 
en omega",Nave no identificada,"ENTRADA DESCONOCIDA

Registra tu datapad Tri-Tachyon para recibir las últimas noticias y actualizaciones.",,,
shard_right,SHIP,"CONFIRMAR RESPUESTA

EN OMEGA
TODAS LAS VOLUNTADES NUCLEARES SUBSUMIDAS
ENVIAR ALMACENES DE DATOS",Nave no identificada,"ENTRADA DESCONOCIDA

Registra tu datapad Tri-Tachyon para recibir las últimas noticias y actualizaciones.",,,
facet,SHIP,"«Casco anómalo designado con el nombre en clave ""Facet"". Se ha aprobado la moción para crear el nivel de seguridad [SUPER ALABASTRO] y el contenido del informe del encuentro con ""Facet"" se ha clasificado en este nivel.

Alto Hegemón, si me permite hablar con franqueza, mantener en silencio a toda una flotilla sobre este asunto va a suponer un verdadero reto para COMSEC».",Nave no identificada,"ENTRADA DESCONOCIDA

Registra tu datapad Tri-Tachyon para recibir las últimas noticias y actualizaciones.",,,
tesseract,SHIP,"«Esta es la nave anómala de mayor tamaño de las encontradas hasta ahora. Ni siquiera se ha recuperado un espécimen parcial, para gran consternación del vicepresidente de Investigación. Algunos miembros de la junta —extraoficialmente, por supuesto— están planteando la posibilidad de sabotaje o motín. No creo que les estés haciendo comprender del todo la realidad de la situación».",Nave no identificada,"ENTRADA DESCONOCIDA

Registra tu datapad Tri-Tachyon para recibir las últimas noticias y actualizaciones.",,,
shrouded_vortex,SHIP,"«El único consuelo es que es efímero».

- registro de audio interceptado, interlocutor desconocido",Entidad no identificada,,,,
shrouded_tendril,SHIP,"«Dijeron que el jefe estaba loco cuando volvió, pero no lo estaba. Al menos, no al principio. Esa es la tragedia, ¿sabes? Fueron todos los que dijeron que mentía los que lo llevaron a eso».

- Escuchado en el vestíbulo de la estación Jangala",Entidad no identificada,,,,
shrouded_eye,SHIP,"«Si hay que dar crédito a esta interpretación, le da una nueva vida, por así decirlo, a los argumentos en torno a la hipótesis de la censura cósmica».

- Interceptación, [CENSURADO]",Entidad no identificada,,,,
shrouded_maelstrom,SHIP,"«Una incursión anómala autoestabilizante que acumula carga a medida que gira; si nuestros sensores no se equivocan, en muchas más dimensiones de las que parecen a simple vista. Esta acción autosostenida produce enormes diferenciales de energía que se descargan periódicamente hacia su... eh... objetivo. Nunca habría dicho que una tormenta pudiera ser malvada, pero ahora...»

- Registro de audio interceptado, interlocutor desconocido",Entidad no identificada,,,,
shrouded_maw,SHIP,"«Cuando llegue el fin, como sin duda llegará pronto, será como un abismo bostezante más oscuro que el miedo y lleno de dientes. Vendrá a devorar la esperanza, lo hará; vendrá a devorar el pecado, lo hará; y la única vía de escape es el Camino, lo es. ¡El Camino!».

- Extracto de los Archivos de la Santa Inquisición, Hesperus",Entidad no identificada,,,,
phantom,SHIP,"Un transporte de tropas avanzado que emplea tecnología de camuflaje phase, este diseño fue utilizado con eficacia por las operaciones encubiertas de Tri-Tachyon durante la Segunda Guerra IA. El Fantasma debe evitar el combate nave contra nave, ya que su blindaje y armamento integrados solo son eficaces contra objetivos terrestres ligeros.

«Las patrullas del sistema deberían haber visto venir a los Tachies, pero no lo hicieron. El ADA rastreó al enemigo hasta que desapareció del radar, dejando a los cañones terrestres girando en círculos tratando de volver a adquirir un objetivo. Vimos una sombra en el aire, como alas oscuras cayendo sobre el complejo. No recuerdo mucho más. Informes indican que el fuego enemigo ya se llevó al resto del escuadrón».
- La caída del Búnker 58",,,,,
revenant,SHIP,"Revenant, un carguero sigiloso que emplea audazmente tecnología phase para apoyar operaciones encubiertas de la flota, no es barato ni eficiente. Rescatados de un polvoriento conjunto de bancos de datos ocultos en un asteroide sin nombre que orbitaba una estrella anodina durante cien ciclos tras la Primera Guerra IA, los esquemas del Revenant proporcionaron una inmensa ayuda a la logística de los asaltantes Tri-Tachyon durante la Segunda Guerra IA.

Los abogados de la Hegemonía consideraron declarar ilegal el diseño, pero las pruebas de influencia de IA de nivel alpha se consideraron insuficientes. El fiscal principal insistió con tanta firmeza en que eso era en sí mismo una prueba del trabajo de un alpha que el Alto Hegemón consideró oportuno recusarlos del proceso.",,,,,
champion,SHIP,"El crucero pesado de clase Campeón es una nave de guerra versátil que cuenta con un amplio alcance de armas de energía potentes; el elemento más destacado es una torreta de energía pesada, algo poco común entre las naves de media tecnología. Esta dotación ofensiva está respaldada por una robusta red de energía capaz de sobrealimentar la configuración de armas de energía, aumentando el daño infligido a niveles devastadores. Un anclaje fijo para misiles pesados complementa la configuración, permitiendo al Campeón lanzar un asalto devastador sin agotar los niveles de flux. El Campeón es un contendiente sólido y capaz, capaz de enfrentarse a naves capitales en la línea de batalla.

El Campeón, un diseño relativamente reciente, es producto de la revolución naval de la «Escuela de Cruceros», de origen histórico reciente, que nunca entró en servicio activo en la Armada del Dominio pre-Colapso. Aunque se construyeron prototipos y se distribuyeron especificaciones listas para la forja a varios grupos de combate, el Campeón nunca recibió autorización para su despliegue activo debido a un litigio en curso entre Altair Exotech y Astilleros Orion. Cada megacorporación acusaba a la otra de espionaje industrial y de influir indebidamente en los oficiales de la Armada que supervisaban el proceso de adquisición. La verdad era más compleja, lo que avivó rivalidades de larga duración en el cuerpo de oficiales a medida que la comisión investigadora llamaba a declarar a un testigo tras otro. Sin embargo, el Colapso impidió que llegara al Sector Perseo ningún tipo de fallo concluyente, y ahora todo el asunto se considera irrelevante. Con el descubrimiento de los planos del Campeón en un mensajero de armamento del Dominio, la nave de guerra fue puesta rápidamente en servicio por la flota de la Liga Persea, entre otras.",,,,,
fury,SHIP,"Furia, un crucero ligero de alta tecnología y ataque rápido, está diseñado para elegir cuándo y dónde realizar el asalto para infligir el máximo efecto al enemigo. El sistema especializado de «microquema» de propulsión plasma incorporado permite al Fury realizar pequeñas embestidas a gran velocidad para pillar desprevenidos a los oponentes.

La clase Furia es la hermana mayor de la clase Shrike, un producto del mismo equipo de diseño al que se le pidió que cumpliera unos requisitos ligeramente actualizados, incluida la resolución del antiguo problema de corrosión del casco sin, según se esperaba, introducir nuevos problemas. Esto fue en gran medida un éxito (una vez que se resolvió el caos provocado por varias dimisiones indignadas).

Descartado por los tradicionalistas de la potencia de fuego balística de blindaje pesado como «otro cañón de cristal más», el Furia ha demostrado, no obstante, ser bastante peligroso en manos de comandantes de flota de mente ágil.",,,,,
vanguard,SHIP,"Una antigua y resistente fragata pesada que destaca por su construcción robusta, una propulsión primaria de combate y la ausencia de escudos modernos. En su lugar, la Vanguardia está equipada con un campo amortiguador integrado de diseño arcaico, pero calibrado a los estándares modernos. Esto permite a la Vanguardia destinar el 100 % de la acumulación de flux a los sistemas de armas, dejando la defensa en manos de su blindaje pesado, potenciado por la oscura física de la amortiguación de campo resonante.

Este diseño es lo suficientemente antiguo como para ser contemporáneo de los primeros modelos del acorazado Onslaught, aunque, a diferencia de ese ilustre pilar de la Armada del Dominio, la Vanguardia fue retirada del servicio mucho antes del Colapso de la red de Portales. En el caos posterior al Colapso, fue un descubrimiento fortuito de un emprendedor traficante de armas lo que permitió que se sustrajeran los esquemas relativamente completos de la fragata pesada de clase Vanguardia de una exposición de museo pasada por alto. El diseño atávico y agresivo abre un nicho inesperado para la Vanguardia en las flotas modernas, con la ventaja añadida de que todos los componentes esenciales llevan mucho tiempo desclasificados y son de fabricación sencilla; incluso la reparación de daños catastróficos es relativamente fácil.",,,,,
manticore,SHIP,"La Mantícora es adorada por los oficiales de frontera por su capacidad para desplegar rápidamente potencia de fuego en pequeños enfrentamientos y odiada por los planificadores estratégicos del Dominio por interferir en el ordenado esquema de la doctrina oficial de la flota. El soporte de arma principal sobredimensionado de la Mantícora y su telémetro integrado son el sueño de cualquier artillero, pero permiten que este destructor se exponga en exceso en la batalla. Para eso, argumentan los operadores, sirve el sistema antiaéreo de cartuchos —y para quitar la pintura a las naves aliadas, como dice el viejo chiste. 

Un sano respeto por la intimidante potencia de fuego en un paquete compacto hace que este diseño siga al servicio de las flotas del Sector Perseo. Cuando se presenta la oportunidad, los piratas están especialmente interesados en hacerse con un casco de Mantícora y aplicar una librea rojo sangre a su botín sobrearmado.",,,,,
eradicator,SHIP,"Un diseño resistente a menudo pasado por alto por la historia, el crucero rápido de clase Erradicador cuenta con potentes góndolas de motor dobles que le permiten ofrecer una potencia de fuego sin concesiones y una potente descarga de misiles contra el punto más débil de la línea de batalla enemiga, o acudir al rescate de activos valiosos que se han visto tácticamente expuestos.

Allá por los largos ciclos del Dominio, un accidente fortuito durante una demostración de la flota provocó que una de las góndolas de motor de un Erradicador se apagara y la otra entrara en sobremarcha, lo que sumió a la nave en un terrible giro que solo se detuvo gracias al heroico esfuerzo de la tripulación de ingeniería. Peor que las lesiones y bajas sufridas fue que la clase de naves se convirtiera en el hazmerreír de una parte significativa de la esfera hipermediática del Dominio. Para salvar las apariencias, el almirantazgo asignó discretamente a todos los Erradicadores a servicio fronterizo, lejos de la atención caprichosa de los comités presupuestarios del sector central. Se necesitaría una generación y varias operaciones difíciles de limpieza de rebeliones marginales antes de que la Armada del Dominio solicitara un nuevo modelo de clase de crucero rápido para sustituir el papel del Erradicador en las flotas de combate de primera línea.",,,,,
shrine_gilead,CUSTOM,"El Santuario de Gilead, el más grande y destacado de la fe ludita, está estrechamente asociado a la presencia física y la influencia del profeta Ludd en el Sector Perseo.

Los peregrinos caminan por donde caminó Ludd, aunque el planeta ha cambiado mucho desde los días de Ludd. Un bosque frondoso, cuidadosamente cultivado durante más de cien ciclos, ha sustituido a las imponentes máquinas industriales de terraformación que antaño rodeaban el complejo del santuario. Protegido por los Caballeros y guiado por la Iglesia, el santuario pretende ser una representación física de la visión de Ludd.",,,,,
shrine_killa,CUSTOM,"Dedicado a aquellos cuya vida ha sido arrebatada por la ira y la guerra, el Santuario de Killa es sombrío, desolado y casi olvidado incluso por los fieles de la Iglesia.",,,,,
shrine_volturn,CUSTOM,"El Santuario de Volturn ha atravesado tiempos difíciles bajo la ocupación del Diktat de Sindria. Pocos peregrinos se arriesgan a ser arrestados y hostigados por la policía secreta, y pocos recuerdan el lugar sagrado dedicado a un delicado equilibrio —ahora, tal vez, alterado— entre los efectos de la vida terrestre invasora y los planetas que antes eran prístinos.",,,,,
shrine_jangala,CUSTOM,"Objeto de mucha controversia (y de no pocas y espeluznantes holocintas de terror), el Santuario de Jangala observa la gloria y la maravilla de las xenojunglas de Jangala. Se sabe que los peregrinos especialmente devotos se exponen a la xenovida, una práctica incómoda como mínimo y potencialmente mortal.

A pesar del poder destructivo de la combustión orbital, la flora de Jangala crece inexorablemente, llenando cada hueco y grieta con zarcillos alienígenas, para desplazar los intentos humanos de domesticar el planeta.",,,,,
shrine_hesperus,CUSTOM,Los Caballeros de Ludd reclaman el Santuario de Hesperus como propio; está dedicado a la lucha y la muerte de los numerosos mártires que siguen el Camino de Ludd.,,,,,
shrine_beholder,CUSTOM,"El Santuario de la Estación Beholder está dedicado a la contemplación de la impresionante diversidad de vida que se puede encontrar incluso en los entornos más hostiles de la Creación. Por debajo de la órbita de la estación, las bandas de nubes y los enormes sistemas de tormentas de Kumari Aru envuelven un rico ecosistema único de este gigante gaseoso.  

A unos pocos eruditos que cuentan con la aprobación de la Iglesia se les permite estudiar la vida extraterrestre kumariana aquí, aunque las misiones activas de muestreo y los barridos energéticos con sensores llevan muchos ciclos prohibidos para no perturbar el delicado equilibrio de la vida.",,,,,
gorgon,WEAPON,"El Gorgón fue diseñado como un sistema de lanzamiento ligero para un asalto energético disparado desde vectores de ataque inesperados, calculados para iniciarse más allá del alcance de la cobertura DA más pesada prevista. Una Munición Energética Dirigida (MED) sólida que ofrece una potencia de ataque en ráfaga fiable.",,,,,
gorgonpod,WEAPON,"El Gorgón fue diseñado como un sistema de lanzamiento ligero para un asalto energético disparado desde vectores de ataque inesperados, calculados para iniciarse más allá del alcance de la cobertura DA más pesada prevista. Una Munición Energética Dirigida (MED) sólida que ofrece una potencia de ataque en ráfaga fiable.

Este sistema de carga automática en vaina permite lanzar más misiles contra el objetivo a lo largo de un combate, pero requiere un punto de montaje más grande. ",,,,,
gazer,WEAPON,"El MED Mirón obliga a las naves objetivo a tomar una decisión cruel, especialmente aquellas con una reserva de flux escasa: la activación de escudos y la acumulación de flux excedente mientras son barridas por el rayo de gravitones del Mirón, o la bajada de escudos y la exposición a un ataque más directo.

La acogida del Mirón es controvertida: algunos comandantes lo consideran un arma elegante de una era más civilizada, mientras que otros lo ven como un diseño que sacrifica potencia de fuego bruta a cambio de sistemas de guía y puntería delicados.",,,,,
gazerpod,WEAPON,"El MED Mirón obliga a las naves objetivo a tomar una decisión cruel, especialmente aquellas con una reserva de flux escasa: la activación de escudos y la acumulación de flux excedente mientras son barridas por el rayo de gravitones del Mirón, o la bajada de escudos y la exposición a un ataque más directo.

La acogida del Mirón es controvertida: algunos comandantes lo consideran un arma elegante de una era más civilizada, mientras que otros lo ven como un diseño que sacrifica potencia de fuego bruta a cambio de sistemas de guía y puntería delicados.

Este cargador automático basado en vaina permite lanzar más misiles contra el objetivo a lo largo de un combate, pero requiere un punto de montaje más grande. ",,,,,
dragon,WEAPON,"Anticipándose dos, incluso tres, pasos por delante en el diseño de sistemas de asalto y réplica, el Dragonfire se creó para adelantarse a soluciones de defensa antimisiles cada vez más sofisticadas. El concepto es sencillo: utilizar una ojiva nuclear enriquecida y catalizada por AM para generar un rayo de plasma concentrado, liberando energía destructiva sin temor a la interceptación de la defensa antiaérea. Los resultados fueron espectaculares.

La implementación resultó compleja. Recurrir a la investigación física clasificada como ONYX por el Dominio infló la burocracia de seguridad de la fabricación hasta tal punto que el proyecto se consideró no rentable. La burocracia del Dominio no es una preocupación tras el Colapso, por supuesto.",,,,,
dragonpod,WEAPON,"Anticipándose dos, incluso tres, pasos por delante en el diseño de sistemas de asalto y réplica, el Dragonfire se creó para adelantarse a soluciones de defensa antimisiles cada vez más sofisticadas. El concepto es sencillo: utilizar una ojiva nuclear enriquecida y catalizada por AM para generar un rayo de plasma concentrado, liberando energía destructiva sin temor a la interceptación de la defensa antiaérea. Los resultados fueron espectaculares.

La implementación resultó compleja. Recurrir a la investigación física clasificada como ONYX por el Dominio infló la burocracia de seguridad de la fabricación hasta tal punto que el proyecto se consideró no rentable. La burocracia del Dominio no es una preocupación tras el Colapso, por supuesto.

La vaina Dragonfire es una versión ampliada del sistema estándar de montaje y carga del Dragonfire MED, apta para naves de guerra grandes y lujosamente equipadas.",,,,,
hydra,WEAPON,"El sistema de armas Hidra lanza un grupo de plataformas MED maniobrables de forma semiindependiente desde un único dispositivo. Las submuniciones maniobran para flanquear el escudo principal del objetivo —que se supone dirigido hacia la amenaza del atacante— y solo entonces desatan el disparo de rayos.

Se considera que las desventajas de una menor carga útil y un mayor tiempo de desplazamiento —lo que invita a la interceptación por parte de la defensa antiaérea— quedan compensadas cuando el Hidra se combina con un conjunto de sistemas de armas complementarios para superar tanto la flexibilidad táctica como las defensas físicas de la nave objetivo.",,,,,
nova,SHIP,"Un remanente de las flotas de IA autónomas desarrolladas por la Corporación Tri-Tachyon. Ilegales según la ley del Dominio (y de la Hegemonía), y una abominación para la Iglesia de la Redención Galáctica, estas creaciones fueron eliminadas del Sector durante la Primera Guerra IA. O al menos eso dicen las historias oficiales.

Aunque se puso en práctica en el diseño del Retribución, la Propulsión de Orión nunca fue popular entre la tripulación ni los arquitectos navales debido a la gran tensión que cada sacudida del sistema de propulsión infligía tanto a la carne como al hardware. El Nova supera tales limitaciones prescindiendo por completo de la tripulación humana. Una vez liberado el diseño de la Propulsión de Orión de las restricciones más onerosas, se pudieron mejorar todos sus aspectos para alcanzar mayores niveles de potencia utilizando tecnología armamentística de vanguardia y componentes avanzados de estado sólido diseñados por Tri-Tachyon. El resultado es un crucero de guerra operado por IA capaz de alcanzar una velocidad y una potencia de fuego temibles.",,,,,
invictus,SHIP,"Un diseño que se remonta a la primera expansión masiva del Dominio, esta gigantesca masa de blindaje y cañones pesados fue el puño acorazado que aplastó toda oposición, extendiendo la hegemonía mediante el miedo y la fuerza sobre toda la humanidad espacial que mereciera ser conquistada.

Sin embargo, el avance constante de la tecnología militar dejó el casco obsoleto. Su diseño de blindaje era incompatible con los primeros generadores de escudos, su dotación de tripulación mínima era abrumadora y los sistemas de puntería poco sofisticados. Pronto se desarrollaron sustitutos modernizados y la clase Onslaught, entre otras, salió en serie de las grandes forjas del Dominio. 

Pasó una era. Y, como por providencia, una expedición enviada por los Caballeros de Ludd descubrió un archivo museístico intacto en un planeta asolado. Un consejo de inquisidores sopesó si destruir el conocimiento de la era del Dominio, manteniendo un acalorado —y secreto— debate sobre la línea divisoria entre el pecado y la virtud, entre la artesanía virtuosa y la tecnología corruptora. Un caballero-inquisidor de alto rango, inusualmente de mente abierta, examinó el contenido en detalle y persuadió al consejo para que aplazara la orden de destrucción indefinidamente. 

Este casco fue bautizado como «Invicto», un testimonio del blindaje pesado y la enorme masa de esta absurda catedral de la guerra. Ninguna Armada que se precie pondría en servicio esta monstruosidad, pero la Iglesia y sus Caballeros pueden contar con una gran cantidad de seguidores voluntarios fieles para formar la tripulación de los enormes alimentadores de munición y las rudimentarias estaciones de puntería.",,,,,
retribution,SHIP,"Clase antigua pero poco venerada, el Retribución es un diseño de crucero de guerra extremo que se remonta al renacimiento de la experimentación militar durante el primer periodo de consolidación del Dominio. Sacrifica el blindaje a cambio de potencia de fuego y una velocidad tremenda para su clase de tamaño gracias a una implementación casi única de la tecnología «Propulsión de Orión», que ya entonces se consideraba una curiosidad arcaica.

El estrés físico infligido tanto a la carne humana como a los componentes de la nave por las sacudidas de la propulsión convirtió al Retribución en una nave impopular en la Armada del Dominio, una de las pocas opiniones compartidas de todo corazón tanto por la tripulación como por los oficiales. La Armada propiamente dicha solo realizó el despliegue de un puñado de ejemplares, y el Retribución encontró mayor uso entre los mercenarios de la frontera y los cazadores de piratas que dependían de ráfagas inesperadas de velocidad y tácticas hiperagresivas.",,,,,
pegasus,SHIP,"El Pegaso fue una iniciativa de diseño ambiciosa de Altair Exotech que se basaba en los inmensos beneficios y el prestigio generados por el giro hacia la «Escuela de Cruceros» del departamento de adquisiciones de la Armada del Dominio. Astilleros Orion, el principal proveedor de naves capitales de la Armada, naturalmente consideró esto como una imposición en un campo que había dominado hasta ese momento. Muchos de los antiguos almirantes estaban de acuerdo y la aceptación fue lenta; sin embargo, el Pegaso se convirtió en la nave insignia de varios de los grupos de combate más nuevos y se ganó el favor de una generación de jóvenes oficiales.

Su incomparable configuración, centrada en misiles pesados, supone una notable distinción respecto a los diseños más tradicionales, lo que permite al Pegaso hacer concesiones en cuanto a la escala de los sistemas de energía y la gestión del flux, al tiempo que mantiene un blindaje, una velocidad máxima y una maniobrabilidad respetables. Los oficiales tradicionalistas critican la «capacidad de resistencia» del Pegaso bajo fuego enemigo, mientras que sus defensores responden que, si una flota se ve sometida a un fuego intenso y sostenido, esta ya ha cometido un grave error táctico. A pesar de los debates (que continúan hasta el día de hoy), el rendimiento en combate de la clase Pegaso le ha valido un respeto a regañadientes incluso por parte de sus detractores.",,,,,
executor,SHIP,"El Ejecutor es una modificación del radical casco de clase Pegaso de la «Escuela de Cruceros» de Altair Exotech. Modificar naves estelares a nivel de forja es una hazaña al alcance solo de los regímenes dispuestos a invertir en contratar a una clase de ingenieros-técnicos altamente especializados. Al fin y al cabo, ¿por qué invertir en innovaciones arriesgadas cuando los cimientos del Dominio proporcionan naves para cubrir todas las funciones? -- ¡Porque el León de Askonia lo exige! Y, gracias al dominio del ahorro de combustible de las naves estelares, el Ejecutor Supremo Philip Andrada disponía de los créditos necesarios para pagar una nave capital diseñada especialmente para equipar los productos de su extravagante programa de armas energéticas.

Aunque los informes oficiales han sido sutilmente mejorados por terceros que buscan evitar el castigo, la clase Ejecutor equipada según las especificaciones del Diktat tiende a rendir ligeramente por debajo de las grandes expectativas establecidas en la propuesta original. Pero nadie podría argumentar que el proyecto no se entregó a tiempo, y que sus resultados no ofrecen una vista magnífica y aterradora en los cielos del sistema de Askonia.",,,,,
grendel,SHIP,"Un diseño condenado al fracaso desde el principio, el Grendel se concibió originalmente como una nave pesada de drones phase. Las bajas serían irrelevantes y los daños rutinarios, ya que esta nave es una luchadora capaz de desplazarse en phase a través de una primera oleada de armamento hostil para aparecer en medio de la línea de batalla enemiga, lista para lanzar misiles y desplegar una gran potencia de fuego. El truco está, por supuesto, en realizar esta maniobra de forma segura, equilibrando cuidadosamente la carga de flux y el posicionamiento, aunque su historial de servicio demuestra que no hay nada particularmente seguro en el Grendel.  

Fruto de la imaginación de un excéntrico almirante que logró hacerse con la autoridad de adquisición de todo un sector fronterizo, los primeros prototipos se equiparon con comandantes de núcleo IA de bajo nivel. Las IA se volvieron rápidamente inestables, incluso erráticas, tras solo unos pocos saltos phase. Posteriormente, los detalles precisos de estos experimentos fueron ocultados por un oscuro ministerio de inteligencia del Dominio y el proyecto solo se salvó gracias a la intervención personal del almirante. Al ser la IA inadecuada, se recurrió al siguiente mejor recurso disponible, y el Grendel vio su primer servicio de combate en los confines más lejanos con una tripulación casi en su totalidad compuesta por batallones penales de la Armada del Dominio.",,,,,
ai_core_uninstall,GALLERY,Cuna del Núcleo IA,"El búnker de control del administrador IA se protegió tanto de la amenaza contenida en su interior como de la multitud de vectores de amenaza del exterior.

Por encima de todo, la operación entera se mantuvo en absoluto secreto; se contrató a un actor humano, generosamente remunerado, para que actuara como la «cara» de la toma de decisiones del Núcleo IA.",,,,
hound_hangar,GALLERY,Sabueso en el hangar,"Un Sabueso oxidado llegó en el último turno. Cargamento de mineral de baja calidad. Fui parte de la tripulación de un Sabueso hace 20 ciclos, sé que los registros no cuadran: su último viaje ni siquiera habría cubierto el coste del combustible. Y sé dónde están las bodegas blindadas. Me partió el corazón lo joven que era el capitán, un pobre chico de Mozzy. Igual que yo. Si los delato, acabo con su única oportunidad de salir adelante. Así que no lo hice.

Eliminar entrada del registro.",desbloqueado,,,
cargo_loading,GALLERY,Cargamento en proceso,"«Todos los grandes contratos van a parar a los aduladores que se arrodillan a los pies de los poderosos. Llámalos proveedores autorizados, clientes de Casa, auxiliares logísticos, comerciantes fieles. Da lo mismo».

«Se trata de que a los forasteros nos mantengan al margen, nos empujen al contrabando y a los mercados negros, acorralados por las patrullas por un costado y los piratas por el otro».",,"- Cliente, anónimo, escuchado en «La Antorcha de Fusión»",,
space_wreckage,GALLERY,Restos espaciales,"«¿No queda ningún lugar que no esté marcado por los restos de Moloch, contaminado por piel de plástico, huesos de aleación y escamas de cerámica?»

«¿No queda ningún lugar que pueda ser consagrado y dedicado únicamente a la gloria del Creador?»",,,,
vacuum_colony,GALLERY,Colonia del vacío,"La colonización deliberada de planetas estériles se ha considerado durante mucho tiempo uno de los signos de la verdadera civilización, junto con los viajes interestelares y la fusión atómica. Un ser confinado a su pozo gravitacional bien podría ser un bebé en la cuna, un mero animal sin conciencia ni control sobre su destino.",desbloqueado,"- Académico Florian Proxima, departamento de Historia del Dominio, Academia de Galatia",,
hull_breach,GALLERY,Brecha en el casco,"El defecto se remontaba a la forja. Un error, una desalineación en el pseudocristal, un fallo que se propagó hacia fuera, lo justo. Un escáner de control de calidad estándar lo habría detectado, pero se habría clasificado como de bajo riesgo. Fueron cien ciclos de uso intensivo, maniobras bruscas, reparaciones apresuradas, inspecciones retrasadas y registros perdidos lo que convirtió el compartimento en una trampa mortal.",desbloqueado,,,
jump_point_normal,GALLERY,"Punto de salto, al hiperespacio","Hay lugares donde se encuentra un equilibrio entre la danza de los cuerpos celestes, una mezcla de cualidades inefables para todos salvo para aquellos absolutamente dedicados a la física esotérica.

Es allí donde traspasamos el velo hacia el gran y tormentoso mar más allá de las estrellas.",,,,
jump_point_hyper,GALLERY,"Punto de salto, desde el hiperespacio","Contratos vencidos, bodegas llenas y listas /
¡Hurra!, pues saltamos hacia el núcleo /
Viajamos, viajamos brillantes y firmes",,,,
jump_point_wormhole,GALLERY,"Punto de salto, agujero de gusano","¿Entrar ahí sin saber exactamente dónde vas a salir?

Así es como acabas siendo un destello indistinguible de la radiación cósmica de fondo.",,,,
city_from_above,GALLERY,Ciudad desde arriba,"«Arriesgó todo el sistema Galatia, cientos de miles de ciudadanos. Puede que eso solo sea un subsector de una metrópolis allá abajo», dijo señalando vagamente en dirección a Chicomoztoc. «Pero», su voz se endureció, «no permitiré ningún ""gran experimento"" que ponga en peligro a esta gente».",desbloqueado,,,
desert_moons_ruins,GALLERY,Ruinas de la Luna del Desierto,"Una antigua nave semilla encontró Cibola en una época más fría y húmeda de lo habitual, lo que la situaba dentro de los parámetros de colonización de la nave. Más tarde, los exploradores del Dominio encontraron un planeta moribundo poblado por una civilización pequeña, atrasada y desesperada que luchaba por sobrevivir.",,,,
quartermaster,GALLERY,Intendente,"«¿Crees que los amortiguadores inerciales te protegerán durante una maniobra de combate? Si no está guardado, es un misil listo para destrozarte a ti y a la tripulación siguiente que suba por el conducto de acceso. Quiero que se limpie este vergonzoso espectáculo antes de que termine el turno».",desbloqueado,,,
comm_relay,GALLERY,Repetidor de comunicaciones,"Esta plataforma de comunicaciones utilizaba tecnología de la era del Dominio, perdida hace tiempo, pero seguía siendo esencial para la vida civilizada en el Sector Perseo. Se ha demostrado que las hiperondas de pulso rápido adecuadas para la transmisión de datos FTL dañan el ADN, por lo que estos repetidores siempre se ubicaban lejos de los hábitats.",,,,
abandoned_station,GALLERY,Estación abandonada 1,"El programa de colonización dictaba la construcción de infraestructura orbital alrededor de pozos gravitacionales clave, lo que incluía muelles de reparación, nanoforjas industriales, centros de comunicaciones, depósitos de terraformación, arsenales, laboratorios de investigación y viviendas para las cápsulas criogénicas descongeladas.

Queda mucho. Pero aún hay más que está tan destrozado y muerto como los sueños codiciosos del Dominio Humano.",desbloqueado,,,
abandoned_station2,GALLERY,Estación abandonada 2,"«Hay fantasmas en las viejas orbitales... no te rías, paleto. Es verdad. Los he visto... o más bien los he sentido. Dan señales. Interferencias en las com. cuando estás en las profundidades. Válvulas que se aflojan cuando no estás mirando. Herramientas que no están donde las dejaste. Son grandes tumbas, y lo mejor es dejarlas durmiendo en el frío».",,"- Encela «Boomer» Blackborn, astronauta",,
abandoned_station3,GALLERY,Estación abandonada,"La mayoría de las estaciones abandonadas fueron saqueadas hace mucho tiempo. Lo que queda son los cimientos despojados de un imperio caído: mástiles retorcidos, placas de agrav agrietadas, máquinas destrozadas y juntas deterioradas por los ciclos térmicos.

Algunos contrabandistas y comerciantes del mercado negro utilizan la órbita larga y tranquila de estas estaciones como puntos de entrega. Una docena de cadáveres y una lanzadera destrozada son la señal, nada infrecuente, de un trato que ha salido mal.",,,,
jangala_station,GALLERY,Estación de Jangala,"Megaciudad orbital, astillero y puerto; el eje de Corvus, invadido por el tráfico de naves estelares. Antiguas grúas de reparación se escondían entre hangares industriales corroídos a la sombra de anillos de laboratorios y módulos de apoyo. Más arriba aún, las bahías comerciales y los distritos metropolitanos estaban custodiados por la aguja de mando y control, repleta de vainas de armas.",,,,
industrial_megafacility,GALLERY,Megainstalación industrial,"La fabricación industrial pesada dependía de grandes nanoforjas recuperadas de las ruinas del Dominio. Sin embargo, la calidad de su producción decayó con el paso de los ciclos; la corrupción a nanoescala provocó defectos macroscópicos cada vez mayores. Gran parte de la producción tuvo que ser reparada con métodos más rudimentarios, y gran parte fue desguazada y reutilizada como materia prima refinada, de la que las forjas envejecidas siempre estaban hambrientas.",,,,
terran_orbit,GALLERY,Órbita terráquea,"Las especificaciones de la Corporación de Terraformación Eridani-Utopia proporcionan la referencia «terrestre» más ampliamente aceptada para el entorno humano supuestamente ideal.

Las numerosas desviaciones de los entornos planetarios naturales respecto a las especificaciones pueden corregirse mediante intervención tecnológica, incluyendo bombardeos de asteroides de hielo, propulsión orbital, ecosistemas biomodificados, megaestructuras orbitales y otros métodos proporcionados por la TEU.",desbloqueado,,,
pirate_station,GALLERY,Estación pirata,"«¿Caos? No señor, lo que es, es honestidad. Aquí, si un hombre te quiere muerto, lo verás en sus ojos antes de que haga ningún movimiento. Mejor eso que un ordenador en alguna oficina fuera del planeta que decida que no vale la pena mantener tu suministro de aire».

Lamentablemente, mi guía fue hallado muerto en el siguiente turno. De un disparo por la espalda, irónicamente.",,,,
urban00,GALLERY,Metroplex 00,"Las muestras estadísticas sugieren que un porcentaje significativo de toda la actividad económica del Sector es «extraoficial», y una parte importante de esa actividad va a parar a manos de «piratas» y de las llamadas poblaciones «descivilizadas», por no hablar de las poblaciones indocumentadas dentro del propio Núcleo. El censo del Sector Perseo podría tener un margen de error de hasta un orden de magnitud. ¡Imagínate!",desbloqueado,,,
urban01,GALLERY,Metroplex 01,"Los habitantes de Chicomoztoc, la población mayoritaria del Sector Perseo, vivían en vastas arcologías subterráneas excavadas en la corteza inactiva de su planeta. Este conjunto de ciudades-colmena unidas entre sí estaba gobernado tanto por poderosos demagogos que prometían reformas y empleo como por redes de clientelismo tecnocrático-criminal que distribuían el botín entre sus partidarios —y la influencia a quienquiera que les pagara.",desbloqueado,,,
urban02,GALLERY,Kay-arco,"La ciclópea subestructura de la arcología destellaba a través de las ventanas del tubo del anillo principal hacia un segmento lejano del metroplex. Un ascensor de pasajeros más pequeño se llenaba del olor a sudor y aceite de máquina mientras un turno de trabajadores submarinos regresaba a casa. Durante unos breves segundos se vislumbraban los imponentes brazos de Kay-arco, resplandecientes con miles de ventanas, antes de quedar de nuevo oscurecidos por un borrón de chapas enmohecidas.",desbloqueado,,,
urban03,GALLERY,Ciudad Colmena,"Las colmenas de Chicomoztoc quedaban ocasionalmente bloqueadas por disturbios, protestas o insurrecciones. Pero mientras las grandes Forjas siguieran produciendo naves espaciales, maquinaria y mercancías, la Hegemonía solo se entrometía ligeramente en ese gran masa de humanidad.",,,,
orbital,GALLERY,Estación orbital,"Enormes estaciones orbitales albergaban astilleros, hábitats, fábricas y reservas de armas y suministros.

Estas plataformas permitieron a lo que quedaba de la humanidad organizar regímenes interestelares y proyectar poderío militar y comercial por todo el Sector Perseo.",,,,
mine,GALLERY,Mina,"«Es una historia tan antigua como el tiempo. Tenemos que sacar lo que hay de bueno ahí abajo y llevarlo a algún otro lugar donde pueda venderse para hacer rico a alguien más».

«Es un trabajo miserable, es cierto, pero hay formas de sobrellevarlo».",,,,
mairaath,GALLERY,Ruinas de Mairaath,"Tormentas de pesadilla rodeaban el globo, removiendo las cenizas de un planeta asesinado.

Incluso tras la ruina apocalíptica de Mairaath, la humanidad seguía apiñada en los cascarones destrozados de grandes ciudades derrocadas, azotadas por un viento interminable.",,,,
eochu_bres,GALLERY,"Eochu Bres, Xanadu","Las relucientes arcologías de la Corporación Tri-Tachyon se alzaban sobre una caótica extensión de barrios marginales. Los asalariados de la empresa nacían, vivían y morían protegidos por drones de seguridad en la ciudad alta de Xanadu, mientras que una clase desesperada de trabajadores empobrecidos habitaba en la ciudad baja, donde se compraba y vendía de todo.",,,,
eochu_bres_landing,GALLERY,"Eochu Bres, Skyarco II","Los monolitos relucientes brillaban, lanzas de capital que se alzaban a través de la carne sombría del planeta. Skyarco II se alzaba prismática.

La lanzadera aterrizó en una plataforma situada a cierta distancia de la fachada, sostenida por una viga de soporte etérea. Parecía increíblemente delgada, pero tras el aterrizaje se sintió sólida como una montaña.",,,,
survey,GALLERY,Sondeo planetario,"La periferia del Segundo Perseo está llena de planetas perdidos, olvidados y nunca vistos por la conciencia nacida de la carne.

Hay verdes campos de vida xenobiótica tóxica, tumbas cubiertas de nieve de nitrógeno, calderos hirvientes de magma y azufre, y planetas formados por tormentas vivientes; vastas fortunas por descubrir, planetas bárbaros incapaces de viajar por las estrellas y las armas de antiguas guerras preparadas para atacar a cualquier intruso.",desbloqueado,,,
luddic_shrine,GALLERY,Santuario Ludita,"A los peregrinos se les ofrecía té, agua y un lavado ritual. El aire estaba impregnado de sudor e incienso. A su alrededor, fluía un río de fe y ritual.
En las penurias de la vida en el Sector Perseo, al igual que en las penurias de la peregrinación, los Fieles encontraron una especie de paz y sentido en el vacío dejado por el Colapso.",,,,
orbital_construction,GALLERY,Construcción orbital,"El revestimiento ceramoide se desprendía lentamente en un estado de fallo en cascada que duraba una eternidad. Las costillas metálicas expuestas, blanqueadas por los vientos estelares, cargaban y liberaban la danza pulsante de los campos magnéticos, el zumbido de las órbitas y el siroco corrosivo de los micrometeoritos.",,,,
dead_gate,GALLERY,Portal apagado,"«La humanidad se dispersó entonces por toda la galaxia, hablando una sola lengua, unida por los Portales demoníacos en un solo cuerpo de ley terrenal. ¡Pero habíamos olvidado las leyes de Dios, más poderosas que cualquier lanza de fusión! Dios recordaría a la humanidad su lugar en este universo».",,,,
active_gate,GALLERY,Portal activo,"Es un anillo zumbante de material adamantino. Si uno sabe cómo mirar, los sensores pueden detectar su débil vibración en dimensiones superiores.

Es como una canción apenas audible, una puerta esperando a ser abierta.",,,,
eventide,GALLERY,Eventide,"Las familias más influyentes de Eventide patrocinaron los espejos estelares y los oclusores estelares para mantener islas de habitabilidad confortable. Los deshonrados y los pobres, por su parte, vivían en las periferias crepusculares, donde tenían que soportar con toda su fuerza los duros cambios climáticos del lento ciclo de días de verano y noches de invierno.",,,,
volturn,GALLERY,"Volturn, Planeta Oceánico","El puerto de Volturn se construyó sobre una flotilla suelta de enormes barcazas de aspecto chamuscado que se balanceaban en un mar oleoso. Los astronautas que desembarcaban eran interrogados por severos agentes de seguridad, tras lo cual se les permitía entrar en la sala de comerciantes. Los comerciantes, vestidos con trajes apagados y con insignias de lealtad lucidas diligentemente en el cuello, se pasaban entre ellos una tableta cargada con los manifiestos del cargamento entrante.",,,,
space_bar,GALLERY,Bar de astronautas,"El bar de astronautas estaba lleno del ruido de fondo humano de las conversaciones y la juerga. Los hologramas publicitarios zumbaban suavemente desde proyectores montados en el techo, proyectando destellos chillones a través de vasos y botellas mientras las tripulaciones se mezclaban con comerciantes y lugareños que intercambiaban bebidas por rumores, trabajos y contactos.",,,,
pirate_bar,GALLERY,Bar Pirata,"«¿Lo oís? La tripulación de Salazar cree que somos unos cobardes comedores de tierra».
[gritos, abucheos]
«¡Yo digo, digo que se equivocan! ¡Yo digo que salgamos ahí fuera y les enseñemos cómo vuela el Reaper! ¿Quién está conmigo?»
[vítores, pisotones, cristales rompiéndose]",,,,
stellar_mirror,GALLERY,Espejo estelar,Las matrices de espejos orbitales ultraligeros que reflejan y concentran la energía estelar eran una herramienta habitual de terraformación. El arte de su uso alcanzó su apogeo de la mano de la Corporación de Terraformación Eridani-Utopia durante el apogeo de la expansión del Dominio.,,,,
stellar_shade,GALLERY,Oclusor estelar,"La colocación juiciosa de oclusores estelares y espejos en la órbita de Eventide permitió crear condiciones ideales en amplias zonas del territorio cuidadosamente mantenido. La mayoría de la población se asentó en cantones urbanos arrendados, construidos en arcos y anillos en la penumbra que rodeaba las vastas y luminosas plantaciones de las fincas aristocráticas.",,,,
hegemony_bar,GALLERY,Bar de astronautas de la Hegemonía,"Una fila de grifos adornaba la pared bajo botellas de todos y cada uno de los planetas centrales, y algunas de otros lugares. Los capitanes mercantes se mezclaban con los oficiales fuera de servicio en el bar, atendidos por personal uniformado. En un rincón, un grupo de cadetes de la Armada gritaba y cantaba, desesperados por disfrutar de su último turno de libertad.",,,,
sindria,GALLERY,Sindria,"Las ciudades-colmena nunca se recuperaron de la afluencia de refugiados provocada por la Crisis de Askonia. En su lugar, Andrada destinó los recursos al ejército y a sus industrias auxiliares. Una clase marginada y desesperada crecería bajo las botas de aquellos lo suficientemente afortunados y leales como para haber encontrado puestos en la burocracia o en el establishment militar-tecnológico.",,,,
bar_diktat,GALLERY,Bar de astronautas del Diktat de Sindria,"La oscura entrada dejaba atrás las molestas emisiones propagandísticas de la vía pública. Los trabajadores fuera de servicio se gastaban sus créditos de ración en bancos situados bajo el emblema del Diktat. En una esquina, un grupo de oficiales-burócratas elegantemente vestidos pedía otra ronda. E incluso aquí, un holograma enmarcado del León de Sindria observaba el techo, eternamente distante.",,,,
tritachyon_bar,GALLERY,Bar de astronautas de Tri-Tachyon,"El salón estaba adornado con motivos geométricos dorados. Columnas iluminadas desde abajo por fríos tubos de luz colgaban en el aire. Astutos arribistas y aspirantes a lo mismo, con trajes impecables, negociaban acuerdos mientras pedían cócteles cada vez más extravagantes. Unos pocos astronautas bebían tranquilamente en los asientos bajos, mirando con inquietud lo que parecía ser arte abstracto o un equipo de proyección holográfica que se alzaba desde el techo.",,,,
gilead,GALLERY,Gilead,"El rostro de Gilead sonreía tras nubes de seda purísima, mares cerúleos y continentes verdes de una naturaleza salvaje, suave y ondulada.

La Iglesia reinaba como un jardinero severo, velando por la piedad y el deber al honrar la tierra que en su día pisó Ludd.",,,,
jangala_shrine,GALLERY,Santuario de Jangala,"Había figuras, como un jardín de estatuas cubierto de maleza. Las formas estaban cubiertas de brotes, envueltas en zarcillos cargados de cuerpos fructíferos. Una se movió. No era el viento, sino un peregrino expuesto sin traje de protección. Y había otros, vestidos solo con túnicas ligeras entre la hostil vida alienígena. Fácilmente vencidos.",,,,
hesperus,GALLERY,Hesperus,"Los monasterios se aferraban a los sublimes promontorios que formaban el anillo alrededor de las provincias volcánicas que se abrían paso a través del hielo que envolvía el planeta. Invisibles quedaban los búnkeres, las pesadas baterías y los silos de misiles de los Caballeros de Ludd.

El Presbítero Orbis reinante declaró un puñado de zonas económicas especiales sobre los témpanos cambiantes; estas transmitían mensajes de bienvenida, con sus balizas llamando a los comerciantes externos a atracar en el puerto.",,,,
hesperus_shrine,GALLERY,Santuario de Hesperus,El suelo era un campo soldado de placas blindadas desgastadas en intrincados patrones por las variadas atmósferas de los planetas en los que los Caballeros de Ludd lucharon y murieron. Las bodegas albergaban cascos vacíos como si fueran cráneos.,,,,
killa_shrine,GALLERY,Santuario de Killa,"Había cuencas oculares vacías, jaulas torácicas, fémures y columnas vertebrales colocadas en huecos, integradas en columnas, cubriendo cada superficie. El polvo procedía de los cuerpos desmoronados, de los huesos.

Como un velo, se flexionaba lentamente en el campo electrostático, lo suficientemente fuerte como para vencer la baja gravedad del planeta y flotar en un estado cercano al vacío.",,,,
volturn_shrine,GALLERY,Santuario de Volturn,"Estaba lleno de cañones, explosivos, granadas y cargadores. Cajas y estantes apilados hasta el techo. El santuario en sí estaba situado bajo una ventana redonda que contenía una masa titánica de agua. Unas pocas velas luchaban por mantener siquiera un destello decente entre las filas de sus compañeros caídos.",,,,
volturn_shrine_fake,GALLERY,"Santuario de Volturn, falso","Era un lugar triste situado en el fondo de una trastienda, con hileras de velas dispuestas alrededor de un centro de mesa de madera tallado con imágenes de las tribulaciones de Ludd. Las velas estaban apagadas, y el santuario solo estaba iluminado por unos ojos de buey mugrientos.

«Ya ves, no tenemos muchos visitantes», dijo el coadjutor.",,,,
protest,GALLERY,Protesta,"El avance constante de la gendarmería rompió la línea de protesta; las porras eléctricas subían y bajaban entre gritos ahogados y alaridos silenciosos. Drones, con luces láser intermitentes, realizaban el despliegue de espuma inmovilizante sobre las figuras que se debatían. Puños, pancartas y herramientas manuales resultaban inútiles contra los oficiales con servoarmaduras.",,,,
raid_prepare,GALLERY,Preparación para el asalto,"Cada escuadrón se preparó como si fuera una intervención quirúrgica, con frialdad y precisión. El infierno estaba a punto de desatarse una vez que las cargas de irrupción volaran los puntos de acceso, en medio de tormentas de polvo, escombros y fuego que destellaban con las descargas de las armas.",,,,
raid_valuables_result,GALLERY,Asalto en busca de objetos de valor,"Se sintieron golpes sordos, casi subsónicos, a través de la masa blindada. Cargas de demolición. Cuando los marines finalmente irrumpieron en la cámara acorazada, lo hicieron con una fuerza abrumadora de sonido y luz. Ningún humano no preparado podría soportar el asalto a los sentidos. Quedaron cegados, en estado de shock.",,,,
raid_disrupt_result,GALLERY,Asalto de interrupción,"El asalto giró en torno a unos meros minutos de caos. Las comunicaciones en todo el hemisferio crepitaban con estática; solo los repetidores de haz estrecho podían atravesar la lluvia de dispersión electromagnética en medio de nubes de chaff y perturbaciones. Llegaban informes de bajas, y las pantallas del puente se tiñeron de un resplandor sangriento que inundó el espacio.",,,,
raid_covert_result,GALLERY,Asalto encubierto,"Las escuadras de marines se retiraron, dejando tabiques destrozados y alarmas a todo volumen en medio del fuego de respuesta esporádico. La MUNISEC aún se estaba movilizando para cerrar el puerto cuando despegó la última lanzadera de los asaltantes. Sus propulsores levantaron una nube de polvo que se mezcló con la atmósfera que se escapaba.",,,,
kazeron,GALLERY,Kazeron,"Kazeron era rico en metales exóticos, el antiguo núcleo de un gigante gaseoso destruido en una antigua catástrofe celestial. Su base industrial, construida para abastecer de maquinaria pesada y plantas de terraformación a la frontera persea del Dominio, se adaptó rápidamente para construir una flota de guerra que hizo reflexionar al XIV Grupo de Combate.",,,,
fikenhild,GALLERY,Fikenhild,"La pequeña luna oceánica de Fikenhild era el centro político del sistema, sede del rey y representante ante la Liga Persea. Las grandes arcologías flotantes brillaban día y noche, albergando los muy apreciados estudios de entretenimiento holográfico de Westernesse.",,,,
ilm,GALLERY,Ilm,"Más que una ciudad empresarial, Ilm era un planeta corporativo, desde las plataformas de seguridad orbitales que brillaban en lo alto hasta las minas teleoperadas excavadas en las profundidades de la corteza. Gobernada por un consejo corporativo semimilitarizado, la identidad de los inversores no era información pública, aunque las especulaciones menos paranoicas apuntaban a una mezcla de capital de la Liga y de Tri-Tachyon.",,,,
teahouse,GALLERY,Casa de té Ludita,"Un matón de la brigada antivicio miraba con desdén a todos los que entraban. Podían cerrar el local en cualquier momento, pero la tetería-bar clandestino proporcionaba un conducto para el comercio necesario para la guerra santa. El interior estaba en penumbra y abarrotado; el hedor de los vapores de las drogas y el licor barato competía con el desdén por el jabón enzimático moderno.",,,,
mazalot,GALLERY,Mazalot,"Te condujeron a través de una ciudad de ladrillos enlucidos y equipos de salvamento oxidados. La pintura brillante y los exuberantes jardines lograban, a duras penas, alejar la sensación de decadencia.

En poco tiempo te encontraste ante unas grandes puertas de metal grabado. Los militantes se encontraron con otra pareja, igualmente armada. El de mayor rango se bajó la máscara.",,,,
chalcedon,GALLERY,Chalcedon,"La arquitectura calcedoniana tendía hacia el ciclopismo en la superficie. Debajo, protegidas de las tormentas, se encontraban las mismas casas prefabricadas baratas que se veían en los planetas pobres de todo el Sector.

La lluvia enviaba desagradables regueros de líquido que se deslizaban por los conductos para acumularse en toldos mohosos. La débil luz del cielo se difuminaba en una penumbra que lo aplanaba todo.",,,,
sentinel,GALLERY,"Sentinel, la colonia perdida","Había un grupo de estructuras bajas y ordenadas; terraplenes y paneles de casco salpicados de vidrio forjado, de los que brotaban conductos de ventilación. Las calles estaban limpias y los ciudadanos vestían uniformes según su función laboral. A pesar de mirar fijamente a los forasteros, no se desviaban de sus tareas.",,,,
sentinel2,GALLERY,"Sentinel, la colonia encontrada","No se puede decir que prosperara, pero la colonia de Sentinel adquirió un nuevo sentido de esperanza y energía tras su reintegración en la Hegemonía.

Los ciudadanos eran diligentes, ordenados y disciplinados. Se pensaba que serían buenos candidatos a oficiales, a pesar de las discretas objeciones de la vieja guardia de Eventide.",,,,
gate_hauler1,GALLERY,Descubrimiento del Transportador de Portales,"Un Leviatán fuera de su tiempo, familiar de inmediato por sus representaciones en el Sector Perseo posterior al Dominio. Su fuerza magistral silencia y humilla a oficiales y tripulación. Los hace reverentes, como si se encontraran ante el cadáver de un dios atronador y cruel que una vez gobernó los cielos.

Despertarlo, tocar lo divino, debe situarse en algún punto entre el sacrilegio y la santificación.",,,,
gate_hauler2,GALLERY,Transportador de Portales en vuelo,"Estas eran las enormes naves espaciales automatizadas que transportaban los Portales que establecían conexiones casi instantáneas entre estrellas lejanas. Tras un viaje de innumerables ciclos solitarios, el Portal se instalaba en un nuevo sistema y se activaba, para luego vomitar una explosión de recién llegados en busca de recursos, datos y experiencias con los que alimentar la gran economía y cultura del Dominio Humano.",desbloqueado,,,
bombard_prepare,GALLERY,Prepararse para el bombardeo,"«Si solo se trata de seguir órdenes, no soy yo quien va en contra de las normas. Entonces la responsabilidad recae en el capitán. ¿No?».",,,,
bombard_tactical_result,GALLERY,Bombardeo táctico,"Una lluvia de iconos huecos representaba los objetivos destruidos en la pantalla. El último, lleno y rojo, parpadeó hasta convertirse en un marrón escabroso.

Un sutil gesto produjo el colapso de la imagen y los iconos se apagaron al unísono. La holomatriz se congeló, y luego volvió al modo de navegación, con la flota manteniendo su posición en órbita baja.",,,,
bombard_saturation_result,GALLERY,Bombardeo de saturación,"Cuando Loke del Abismo llegó /
El primer planeta, lo quemó /
El segundo, lo tomó sin disparar /
El tercero... ¡cuidado, ahí está!",,,,
crew_leaving,GALLERY,Pago a la tripulación pendiente,"«Que le den al contrato. Sin créditos, no hay tripulación».",,,,
nav_buoy,GALLERY,Baliza de navegación,Una baliza de navegación que data de la era del Dominio supervisaba la topografía del hipercampo del sistema local. La telemetría resultaba de gran utilidad para configurar y realizar la calibración de las burbujas de propulsión de la flota.,,,,
free_orbit,GALLERY,Órbita libre,"Le pregunté qué le llevaba a volver allí una y otra vez. El viejo astronauta tardó mucho en responder.

«Porque está limpio», dijo.",,,,
sensor_array,GALLERY,Matriz de sensores,"La matriz de la era del Dominio podía monitorizar de forma pasiva todo un sistema estelar y contaba con un transmisor capaz de enviar datos FTL encriptados en tiempo real a las flotas aliadas. La telemetría complementaría los sensores de la flota, aumentando de forma efectiva su potencia y alcance.",,,,
sensor_array_makeshift,GALLERY,"Matriz de sensores, improvisada","Las matrices de sensores improvisadas, construidas con tecnología posterior al Colapso, vigilaban de forma pasiva sistemas estelares enteros. Un transmisor a bordo era capaz de transmitir datos FTL en tiempo real y de forma encriptada a las flotas aliadas. Esta telemetría complementaba los sensores de la flota, aumentando de forma efectiva su potencia y alcance.",,,,
galatia_academy,GALLERY,Academia de Galatia,La Academia de Galatia es la universidad más prestigiosa del Sector Perseo. La oficina del rector dirige la docencia y la investigación y recurre a antiguos alumnos para influir en las nuevas generaciones de estudiantes más brillantes —o más ricos—.,,,,
fusion_lamp,GALLERY,Lámpara de fusión,"«No te impresiones demasiado, caminante. Es una pálida imitación del primer día de Dios».",,,,
salvor_ruins,GALLERY,Prospectores en las ruinas,"Al principio parecía vacía. Una tumba colosal, nunca llena.

El radar montado en el dron dibujó un esquema fantasmal mientras las luces del traje proyectaban haces en el volumen resonante, captando las corrientes de polvo y gas que se elevaban por la abertura. Los cables brillaban en la oscuridad, serpenteando a lo largo de las largas filas de cajones.",,,,
salvor_explore_hull,GALLERY,Exploración de naves derelictas,"«Se dice que un ex-prospector es o bien viejo o bien rico, nunca ambas cosas».",,,,
dead_zero_g,GALLERY,Muerte en gravedad cero,"«Lo peor es encontrar los restos. No hay tanto ahí fuera, congelado o achicharrado, sino esos trocitos que se te pegan hasta que vuelves al interior».

«Al principio no huele mucho, pero tras unos cuantos turnos tienes que pasar todo tu equipo por un decontaminador de grado militar. No lo soporto».",,"- Bora Sidereal, rescatador",,
cache_large,GALLERY,Almacén grande,"Se alzaba una enorme estructura, con las facetas monolíticas de su casco marcadas por innumerables ciclos de erosión espacial. Los hangares eran lo suficientemente grandes como para ocultar una vasta reserva de mercancías valiosas.
O, tal vez, una flota de tamaño moderado.",,,,
tartessus,GALLERY,"Tartessus, la Catedral del Santo Éxodo","Por fin se encontraron juntos en la plaza, bajo el arco de la Catedral del Santo Éxodo.

«Y me temo que no es más que la sede de unas cuantas ideas doctrinales heréticas», dijo en voz baja.",,,,
cathedral_skyline,GALLERY,Catedral del Santo Éxodo,"Entre las imponentes columnas se habían fijado las vainas de aterrizaje recuperadas de las primeras naves de refugiados luditas, ahora integradas en las bóvedas, pintadas de dorado y verde, adornadas con velas y adornos de cristal colgantes que rompían los rayos del sol —filtrados a través de hileras de altas ventanas— en miles de fragmentos de arcoíris que se refractaban sin cesar.

Era un éxtasis de luz, una galaxia en sí misma.",,,,
abyssal_light,GALLERY,Luz abisal,"Una luz fría llenaba la pantalla, contrastando con la oscuridad absoluta del abismo del hiperespacio. Parecía pulsar, oscilando entre más tenue y más brillante, sin seguir ningún patrón discernible. No parpadeaba como una llama, ni como una señal de comunicación fallida, sino como algo que revoloteaba en el límite mismo de la conciencia...",,,,
abyssal_light2,GALLERY,Encuentro con la Luz Abisal,"Una luz fría comenzó a crecer en la pantalla principal. Un sutil parpadeo reclamaba atención.

Una señal de alarma, un señuelo rojo y una pausa mientras los oficiales del puente asimilaban la avalancha de alertas que inundaba sus pantallas.",,,,
shrouded_weapon_assembly,GALLERY,Conjunto de armas exóticas,"Técnicos con trajes de protección se ocupaban de la maquinaria de contención, sorteando bobinas de tubos y cables. Se extrajeron de las bibliotecas comunes de microforja un montón de componentes improvisados, que luego se desmontaron y rediseñaron para funcionar en esta aplicación inusual, incluso extraordinaria.",,,,
cargo_pod_drift,GALLERY,Contenedores de carga,"A menudo llenos de mercancías recuperables, incluso cápsulas criogénicas operativas, un grupo de contenedores de carga en el espacio abierto es un objetivo tentador para los saqueadores. 

Las caravanas comerciales que huyen de los piratas a veces se deshacen de su carga con la esperanza de que sus perseguidores apaguen los motores y se conformen con un botín fácil.",,,,
coronal_tap,GALLERY,"Hiperaguja coronal, Interior","Estas megaestructuras impulsaron en su día el inconmensurable poderío industrial del Dominio, situando a la civilización humana en el camino hacia el estatus de Kardashev tipo II. Es capaz de extraer energía a una escala astronómica directamente de la estrella conectada.",,,,
coronal_tap2,GALLERY,"Hiperaguja coronal, Exterior","Estas megaestructuras impulsaron en su día el inconmensurable poderío industrial del Dominio, situando a la civilización humana en el camino hacia el estatus de Kardashev tipo II. Es capaz de extraer energía a una escala astronómica directamente de la estrella conectada.",,,,
cryosleeper_interior,GALLERY,Megacápsula criogénica,"«Aquellos que despiertan de la criogenización y que fueron puestos a descansar en la época del Dominio son quizás los más perdidos de todos. Muchos, aunque no todos, imaginaban que poblarían el extremo más lejano de una rica frontera; aceptaron que dejarían atrás todo lo que una vez conocieron. Ahora todos se encuentran desligados de cualquier punto de referencia, a la deriva en la historia».",,- El Historiador,,
generic_probe,GALLERY,Sonda no tripulada,"Era un tipo común de sonda utilizada para investigación, sondeo y vigilancia, el tipo de hardware empleado por empresas civiles e instituciones de investigación. A menudo funcionaba sin un transpondedor activo para no atraer a carroñeros oportunistas; una señal activa devolvería el paquete de identificación requerido tanto por la ley comercial interfaccional como por la mayoría de las compañías de seguros fiables.",,,,
module_large1_lowtech,SHIP,"Un módulo de estación centrado en la potencia de fuego de balística pesada y misiles medianos que vaporiza sin esfuerzo a las naves más pequeñas, al tiempo que da a los cruceros y naves capitales una buena razón para mantener la distancia. Esta estructura, bien blindada y de diseño robusto, está concebida para maximizar la compatibilidad con la construcción de baja fidelidad típica de la producción de nanoforjas fronterizas.",,,,,
module_large2_lowtech,SHIP,"Un módulo de estación diseñado para la proyección de poder en un volumen reducido a través de dos hangares para escuadrones de cazas espaciales y las instalaciones de apoyo asociadas. Defendida por una potencia de fuego balística y de misiles medianos respetable, se trata de una estructura bien blindada y de diseño robusto, concebida para maximizar la compatibilidad con la construcción de baja fidelidad típica de la producción de nanoforjas fronterizas.",,,,,
module_armour1,SHIP,"El blindaje pesado de la estación de combate se ensambla en diversas formas a partir de piezas modulares para adaptarse a los requisitos específicos del emplazamiento. La estructura principal, que solo se perfora en condiciones de bombardeo intenso, consiste en un entramado semirrígido de alta resistencia a la presión, relleno de bloques compuestos de cerámica y metal nanoforjados ultrarresistentes. Sobre este se colocan capas alternas de metal espumado y un «revestimiento» compuesto por numerosas capas de piel de ablación sacrificial/reflectante.

Esta unidad muestra la clásica disposición en forma de chevrón.",,,,,
module_armour2,SHIP,"El blindaje pesado de la estación de combate se ensambla en diversas formas a partir de piezas modulares para adaptarse a los requisitos específicos del emplazamiento. La estructura principal, que solo se perfora en condiciones de bombardeo intenso, consiste en un entramado semirrígido de alta resistencia a la presión, relleno de bloques compuestos de cerámica y metal nanoforjados ultrarresistentes. Sobre este se colocan capas alternas de metal espumado y un «revestimiento» compuesto por numerosas capas de piel de ablación sacrificial/reflectante.

Esta unidad es una disposición en forma de chevrón ampliada.",,,,,
module_bastion1_lowtech,SHIP,"Los bastiones de defensa antiaérea, normalmente montados en grandes brazos que se extienden desde el volumen principal de la estación, refuerzan las defensas contra naves de asalto, misiles y fragatas. Esta estructura, bien blindada y de diseño robusto, está concebida para maximizar la compatibilidad con la construcción de baja fidelidad típica de la producción de nanoforja fronteriza.",,,,,
module_citadel1_lowtech,SHIP,"Una ciudadela pesada centrada en la balística que cuenta con un armamento lateral equivalente al de un acorazado pesado y su propia red de flux autónoma. Suele colocarse en un mástil que se extiende desde el volumen principal de la estación para proporcionar campos de fuego superpuestos y, en caso de catástrofe, minimizar los daños a la estación principal. Esta estructura, bien blindada y de diseño robusto, está diseñada para maximizar la compatibilidad con la construcción de baja fidelidad típica de la producción de nanoforjas fronterizas.",,,,,
module_blocker2b,SHIP,"Un larguero blindado utilizado para proteger el flanco de las baterías principales de una estación, este elemento defensivo está construido con componentes modulares nanoforjados montados sobre una celosía estructural resistente pero relativamente flexible. El blindaje de la estación está diseñado para encontrar un equilibrio ideal entre dureza, deflexión, absorción de impactos y dispersión del calor en un amplio alcance de escenarios de combate y, por regla general, permite una mayor tolerancia de masa de la que podría montarse razonablemente en una nave estelar.",,,,,
module_midline_broadside,SHIP,Un módulo de defensa de costado de la estación muy pesado; este componente por sí solo demuestra una potencia de fuego comparable a la de dos acorazados de línea estándar. El segmento combinado de la estación de montaje —que incluye este y los módulos de defensa y blindaje de contrapeso— suele funcionar a una velocidad de rotación superior a la habitual para permitir un ciclo rápido de apuntado y recuperación.,,,,,
module_midline_support,SHIP,"Módulo de estación de apoyo a cazas diseñado para mejorar la proyección de potencia local de la estación mediante la instalación de múltiples bahías de cazas y puntos de lanzamiento de misiles. Se trata de un objetivo relativamente vulnerable que, no obstante, incluye una defensa antiaérea respetable y hangares blindados. En la cara interior se encuentran un depósito de municiones, forjas especializadas in situ y un sistema de energía de combate aislado.",,,,,
module_midline_bastion,SHIP,"Se puede montar un bastión de apoyo de misiles en estaciones de combate más grandes y fortalezas estelares para mejorar la defensa. Esta unidad está diseñada para apoyar a otros módulos centrados directamente en la potencia de fuego, manteniendo la presión y aprovechando las oportunidades de asalto con misiles. Un sistema de defensa antiaérea respetable disuade a los cazas de ataque, mientras que el blindaje pesado permite un funcionamiento ininterrumpido bajo un bombardeo intenso. ",,,,,
module_hightech_shield,SHIP,"Un módulo de escudo avanzado dedicado, diseñado para funcionar como un componente especializado en una batería de defensa de toda la estación. Los módulos de escudo especializados, con sus propios reactores de combate aislados y redes de flux, permiten que los módulos de potencia de fuego se descarguen sin reducir las defensas. Este módulo siempre se empareja y se monta en un chasis giratorio para que los escudos de la estación puedan alternar la ventilación de flux duro, creando teóricamente una defensa impenetrable.",,,,,
module_blocker2c,SHIP,"Una espuela blindada avanzada que aprovecha sofisticadas técnicas de nanoforja. El blindaje de este módulo aprovecha las propiedades inusuales de los cuasicristales y una malla de nanotubos 3D. Esta ciencia de materiales de alta tecnología permite obtener una protección equivalente a la de un blindaje con menor masa y volumen, pero las ventajas se ven algo contrarrestadas por el delicado proceso de fabricación y montaje; se requieren técnicos especializados para construir este módulo y reintegrar los componentes de recambio tras sufrir daños en combate.",,,,,
module_hightech_hangar,SHIP,"Un módulo de hangar avanzado capaz de desplegar cuatro escuadrones de cazas para dominar los combates en espacios reducidos. Debido a una filosofía de especialización, este módulo no cuenta con su propio módulo de escudos; está diseñado para funcionar dentro de la batería de defensa de toda la estación. No obstante, cuenta con suficiente potencia de fuego de energía dirigida para disuadir a las naves de guerra más ligeras. Incorpora un dispositivo de recuperación de cazas, un sistema especializado creado originalmente para el portaaviones de clase Astral.",,,,,
module_hightech_attack,SHIP,"Una batería avanzada de armas de energía, este módulo especializado de defensa de la estación proporciona potencia de fuego de largo alcance. Debido a la filosofía de diseño de la batería de defensa de toda la estación, no se incluye ningún emisor de escudo; esto significa que los reactores de combate aislados y la red de flux pueden dedicarse por completo a los sistemas de armas ofensivas.",,,,,
module_hightech_armour,SHIP,"Una enorme luneta diseñada para cubrir ciertas lagunas descubiertas en la aplicación práctica de la filosofía de la batería de defensa de toda la estación. El blindaje avanzado requiere sofisticadas técnicas de producción de nanoforja que aprovechan las propiedades inusuales de los cuasicristales y una malla de nanotubos 3D. Esta ciencia de materiales de alta tecnología permite una protección de blindaje equivalente con menor masa y volumen que las alternativas, pero la ventaja se ve algo contrarrestada por el delicado proceso de fabricación y montaje; se requieren técnicos especializados para construir este módulo y reintegrar los componentes de recambio tras sufrir daños en combate.",,,,,
module_hightech_citadel,SHIP,"Una ciudadela avanzada que cuenta con potentes escudos, blindaje avanzado y está repleta de armas de energía. Este módulo fue diseñado para cubrir ciertas lagunas en la aplicación práctica de la filosofía de la batería de defensa de toda la estación basada en módulos especializados. Dado que su alcance supera el de los módulos de escudo dedicados, su propio generador de escudo es una adaptación del sistema de escudo de fortaleza montado en el acorazado de clase Paragón.",,,,,
derelict_mothership_bow_module,SHIP,"Un pequeño módulo blindado que monta un par de torretas pequeñas, normalmente utilizadas para la defensa contra asteroides y la minería. No tiene emisor de escudo, pero esta unidad sí posee un subsistema de flux de energía dedicado para que su nave nodriza no quede indefensa en caso de un fallo de energía de emergencia.",,,,,
derelict_mothership_pod_engine_left,SHIP,Una vaina de motor blindada con su propio subsistema de flux de energía y un pequeño conjunto de torretas de defensa contra impactos y para la minería. Construida para garantizar que la nave nodriza pueda operar incluso en las condiciones más hostiles a lo largo de innumerables ciclos.,,,,,
derelict_mothership_pod_s_right,SHIP,Una pequeña vaina de cañones con su propio reactor de reserva y red de flux. Las torretas se dedican generalmente a la defensa contra impactos.,,,,,
derelict_mothership_pod_m_right,SHIP,Una vaina de armas que suele montar un Cañón Minero de clase media para que la nave nodriza pueda recolectar de forma más eficiente el material necesario para producir sondas de exploración adicionales.,,,,,
derelict_mothership_pod_m_left,SHIP,"Una vaina de armas con un ligero complemento de armas anti-impactadores y, por lo general, un Cañón Minero de clase media para que la nave nodriza pueda recolectar con mayor eficiencia el material necesario para producir sondas de exploración adicionales.",,,,,
derelict_mothership_sensor_mast,SHIP,"Un mástil de sensores de proa de una nave nodriza de exploración que monta un conjunto respetable de torretas anti-impactantes, así como un Cañón Minero para ayudar en la recolección de material en apoyo de la misión a largo plazo de sondeo de largo alcance. La potencia de fuego es ligera y principalmente utilitaria, aunque disuadirá a los piratas-carroñeros ocasionales.",,,,,
remnant_armour3,SHIP,"Módulo de blindaje que incorpora tecnología de materiales nanoforjados de alta tecnología. La integración perfecta de una morfología de cuasicristales fractales, de escala macro a nano y con una estética peculiar, sugiere un diseño de IA.",,,,,
remnant_weapon_platform1,SHIP,Una plataforma de armas avanzada y saliente de diseño de IA. No cuenta con espacios internos de soporte vital; los tubos de acceso al vacío abiertos para los drones de mantenimiento son demasiado pequeños para los técnicos humanos. Presenta una integración perfecta de una morfología de cuasicristales fractales de escala macro a nano de estética peculiar.,,,,,
remnant_shield2,SHIP,"Un módulo de defensa avanzado, diseñado por IA, que utiliza un poderoso escudo y torretas duales Paladín DA que destrozarán misiles y cazas por igual con una eficiencia sobrehumana. Presenta una integración perfecta de una morfología de cuasicristal fractal de escala macro a nano, de estética peculiar.",,,,,
remnant_hangar1,SHIP,"Un hangar de cazas de apoyo avanzado, diseñado por IA. Los espacios internos de reparación y mantenimiento de cazas se mantienen en condiciones de casi vacío y están optimizados a niveles de eficiencia sobrehumanos debido a la ausencia de requisitos de soporte vital y seguridad. La cobertura DA es modesta; las torretas defensivas disuaden a los cazas de asalto y a las fragatas oportunistas. El blindaje presenta una integración perfecta de una morfología de cuasicristal fractal de escala macro a nano, de estética peculiar.",,,,,
remnant_weapon_platform2,SHIP,"Una plataforma de armas de apoyo de potencia de fuego avanzada, diseñada por IA. Cuenta con generadores de combate dedicados y una red de flux independiente capaz de alimentar la batería principal de armas de energía de gran tamaño y las torretas de energía de clase media secundarias. La ausencia de requisitos de soporte vital o de volúmenes internos habitables mejora la eficiencia en combate. El blindaje presenta una integración perfecta de una morfología de cuasicristal fractal de escala macro a nano, de estética peculiar.",,,,,
derelict_vambrace,CUSTOM,"Una estructura del tamaño de una nave espacial, de formas geométricas angulares y regulares, aunque presenta daños de combate. Parece estar compuesta en su mayor parte por aleaciones férricas y carece de fuente de energía interna activa.",,,,,
anubis,SHIP,"Un prototipo experimental poco común desarrollado por la Corporación Tri-Tachyon, el casco de clase Anubis cuenta con una cobertura de arco casi total gracias a tres grandes torretas de energía integradas en una novedosa y controvertida red de flux. Se dice que este «nuevo paradigma de gestión del flux» está directamente interconectado con tecnología de manipulación temporal de procedencia desconocida. El armamento adicional incluye anclajes fijos frontales y bahías de cazas. El Anubis fue incapaz de cumplir una función táctica polivalente sólida debido a su bajo rendimiento de flux, por lo que suele relegarse a funciones de escolta, donde sorprendentemente destaca.

El comité directivo del Proyecto Anubis, deseoso de ganarse el apoyo del mayor número posible de departamentos, recurrió a nuevas aplicaciones que buscaban la validación de los clientes a partir de un rango excepcionalmente amplio de la suite de tecnologías revolucionarias de Tri-Tachyon. El proyecto se dividió entonces en operaciones paralelas en un puñado de instalaciones secretas de la empresa para maximizar la seguridad (y minimizar la supervisión), lo que condujo a ciertos compromisos comprensibles en las últimas fases. Se esperaba que el producto multifuncional abarcara más segmentos de usuarios que uno con un enfoque más limitado durante el período de lanzamiento inicial. A continuación, las pruebas de campo generalizadas permitirían sin duda una rápida iteración que conduciría, en última instancia, a la madurez del producto mucho antes de los plazos convencionales.

Pero no fue así. Las luchas internas entre los ejecutivos dieron lugar a un organigrama particularmente dinámico durante el siguiente ciclo financiero.",,,,,
pseudoparticle_jet,WEAPON,"«Si nuestros aceleradores de partículas pudieran hacer eso, sería como asomarse a la mente de Dios».","- interceptación, [CENSURADO]",,,,
rift_lightning,WEAPON,"«Y así cayó la ira como un rayo, y el golpe lo sintieron todos los fieles y todos los infieles en el firmamento. Todos murmuraban entonces, cerca y lejos, y todos decían: ""¿No has oído un gran grito de ira?"". Pero nadie podía nombrar su palabra, ni repetirla».","- El Libro de Ludd, Visiones 7:7",,,,
abyssal_glare,WEAPON,"«Una ráfaga de rayos gamma precedió a la descarga de una corriente sin precedentes de... debemos admitir que los sensores EM no pudieron penetrar la envoltura de plasma y que el conjunto de instrumentos gravimétricos no pudo calibrarse bajo... sí, por supuesto. Mis disculpas. El equipo de física especula que el material eyectado es un flujo de pseudopartículas de materia-antimateria cargadas cercanas a C que se aniquilan in situ en un... vórtice controlado, o quizás semiestable. La asimetría bariónica es inusual, por decirlo suavemente».","'- interceptación, [CENSURADO]",,,,
inimical_emanation,WEAPON,"«La relación invertida de la barionogénesis —o deberíamos decir antibarionogénesis— es una de las cualidades más provocadoras del dispositivo. Sin embargo, cabe sospechar que la dirección se mostrará reacia a apreciar las implicaciones a la luz de la potencia de fuego evaluada».","'- interceptación, [CENSURADO]",,,,
assaying_rift,WEAPON,"«El pecado se alimenta del pecado, el mal se alimenta del mal, engordando cada vez más de sí mismo hasta que no queda nada del alma».","- selección de los Archivos de la Santa Inquisición, Hesperus",,,,
vortex_launcher,WEAPON,"«Todos los oficiales de mando y tácticos que corran el riesgo de observar directamente el fenómeno deberán desempeñar sus funciones con un compañero que no participe en la observación. Cuando —no si— se manifieste la hipnotización, el compañero que no participa deberá ejecutar inmediatamente la desactivación remota de la pantalla. Esta orden permanecerá vigente hasta que el departamento técnico complete el parche de interrupción automática».","'- interceptación, [CENSURADO]",,,,
